ASSERTION	AAIDAAEFAAAAAAAAwFdAAwAAAAAAAECPQA==
ASSERTION	AAECAAIEAAAAAAAAwFhA
RUN	BotAPISimulation	botapisimulation	1775320126844	 	3.10.5
USER	random_bot	START	1775320128165
USER	beginner_bot	START	1775320128165
USER	medium_bot	START	1775320128165
USER	beginner_bot	START	1775320128231
REQUEST		POST /api/gamey/play [beginner_bot 5 early]	1775320128143	1775320128198	OK	 
REQUEST		POST /api/gamey/play [medium_bot 5 early]	1775320128143	1775320128198	OK	 
REQUEST		POST /api/gamey/play [random_bot 5 early]	1775320128143	1775320128203	OK	 
USER	random_bot	START	1775320128243
REQUEST		POST /api/gamey/play [beginner_bot 5 early]	1775320128229	1775320128258	OK	 
REQUEST		POST /api/gamey/play [random_bot 5 early]	1775320128231	1775320128259	OK	 
USER	medium_bot	START	1775320128361
REQUEST		POST /api/gamey/play [medium_bot 5 early]	1775320128359	1775320128369	OK	 
USER	beginner_bot	START	1775320128427
USER	random_bot	START	1775320128434
REQUEST		POST /api/gamey/play [beginner_bot 5 early]	1775320128426	1775320128438	OK	 
REQUEST		POST /api/gamey/play [random_bot 5 early]	1775320128432	1775320128445	OK	 
USER	beginner_bot	START	1775320128630
USER	random_bot	START	1775320128647
REQUEST		POST /api/gamey/play [beginner_bot 5 early]	1775320128626	1775320128659	OK	 
REQUEST		POST /api/gamey/play [random_bot 5 early]	1775320128638	1775320128675	OK	 
USER	medium_bot	START	1775320128713
REQUEST		POST /api/gamey/play [medium_bot 5 early]	1775320128693	1775320128731	OK	 
USER	beginner_bot	START	1775320128828
USER	random_bot	START	1775320128836
REQUEST		POST /api/gamey/play [beginner_bot 5 early]	1775320128826	1775320128837	OK	 
REQUEST		POST /api/gamey/play [random_bot 5 early]	1775320128833	1775320128847	OK	 
USER	medium_bot	START	1775320129028
USER	beginner_bot	START	1775320129029
USER	random_bot	START	1775320129037
REQUEST		POST /api/gamey/play [medium_bot 5 early]	1775320129026	1775320129049	OK	 
REQUEST		POST /api/gamey/play [beginner_bot 5 early]	1775320129027	1775320129056	OK	 
REQUEST		POST /api/gamey/play [random_bot 5 early]	1775320129035	1775320129057	OK	 
USER	beginner_bot	START	1775320129230
USER	random_bot	START	1775320129241
REQUEST		POST /api/gamey/play [beginner_bot 5 early]	1775320129228	1775320129257	OK	 
REQUEST		POST /api/gamey/play [random_bot 5 early]	1775320129239	1775320129265	OK	 
REQUEST		POST /api/gamey/play [random_bot 7 mid]	1775320129248	1775320129265	OK	 
USER	random_bot	END	1775320129272
REQUEST		POST /api/gamey/play [beginner_bot 7 late]	1775320129248	1775320129276	OK	 
USER	beginner_bot	END	1775320129278
REQUEST		POST /api/gamey/play [medium_bot 7 mid]	1775320129252	1775320129282	OK	 
REQUEST		POST /api/gamey/play [random_bot 7 mid]	1775320129262	1775320129286	OK	 
USER	random_bot	END	1775320129288
REQUEST		POST /api/gamey/play [beginner_bot 7 late]	1775320129278	1775320129298	OK	 
USER	beginner_bot	END	1775320129299
USER	medium_bot	START	1775320129361
REQUEST		POST /api/gamey/play [medium_bot 5 early]	1775320129359	1775320129372	OK	 
REQUEST		POST /api/gamey/play [medium_bot 7 mid]	1775320129372	1775320129379	OK	 
USER	beginner_bot	START	1775320129430
USER	random_bot	START	1775320129442
REQUEST		POST /api/gamey/play [beginner_bot 5 early]	1775320129428	1775320129442	OK	 
REQUEST		POST /api/gamey/play [beginner_bot 7 late]	1775320129442	1775320129451	OK	 
USER	beginner_bot	END	1775320129453
REQUEST		POST /api/gamey/play [random_bot 5 early]	1775320129438	1775320129463	OK	 
REQUEST		POST /api/gamey/play [random_bot 7 mid]	1775320129447	1775320129464	OK	 
USER	random_bot	END	1775320129465
USER	beginner_bot	START	1775320129630
USER	random_bot	START	1775320129640
REQUEST		POST /api/gamey/play [beginner_bot 5 early]	1775320129628	1775320129643	OK	 
REQUEST		POST /api/gamey/play [random_bot 5 early]	1775320129636	1775320129650	OK	 
REQUEST		POST /api/gamey/play [beginner_bot 7 late]	1775320129661	1775320129668	OK	 
USER	beginner_bot	END	1775320129670
REQUEST		POST /api/gamey/play [random_bot 7 mid]	1775320129678	1775320129684	OK	 
USER	random_bot	END	1775320129687
USER	medium_bot	START	1775320129695
REQUEST		POST /api/gamey/play [medium_bot 5 early]	1775320129693	1775320129704	OK	 
REQUEST		POST /api/gamey/play [medium_bot 7 mid]	1775320129733	1775320129742	OK	 
USER	beginner_bot	START	1775320129830
USER	random_bot	START	1775320129843
REQUEST		POST /api/gamey/play [beginner_bot 5 early]	1775320129828	1775320129848	OK	 
REQUEST		POST /api/gamey/play [beginner_bot 7 late]	1775320129840	1775320129854	OK	 
USER	beginner_bot	END	1775320129856
REQUEST		POST /api/gamey/play [random_bot 5 early]	1775320129841	1775320129863	OK	 
REQUEST		POST /api/gamey/play [random_bot 7 mid]	1775320129849	1775320129864	OK	 
USER	random_bot	END	1775320129865
USER	beginner_bot	START	1775320130032
USER	medium_bot	START	1775320130033
REQUEST		POST /api/gamey/play [medium_bot 5 early]	1775320130030	1775320130049	OK	 
REQUEST		POST /api/gamey/play [beginner_bot 5 early]	1775320130029	1775320130050	OK	 
USER	random_bot	START	1775320130054
REQUEST		POST /api/gamey/play [random_bot 7 mid]	1775320130066	1775320130078	OK	 
REQUEST		POST /api/gamey/play [medium_bot 7 mid]	1775320130054	1775320130079	OK	 
USER	random_bot	END	1775320130082
REQUEST		POST /api/gamey/play [random_bot 5 early]	1775320130046	1775320130084	OK	 
REQUEST		POST /api/gamey/play [beginner_bot 7 late]	1775320130071	1775320130088	OK	 
USER	beginner_bot	END	1775320130089
USER	beginner_bot	START	1775320130226
USER	random_bot	START	1775320130226
REQUEST		POST /api/gamey/play [beginner_bot 5 early]	1775320130225	1775320130250	OK	 
REQUEST		POST /api/gamey/play [random_bot 5 early]	1775320130224	1775320130251	OK	 
REQUEST		POST /api/gamey/play [beginner_bot 7 late]	1775320130259	1775320130266	OK	 
USER	beginner_bot	END	1775320130267
REQUEST		POST /api/gamey/play [random_bot 7 mid]	1775320130267	1775320130273	OK	 
USER	random_bot	END	1775320130274
REQUEST		POST /api/gamey/play [medium_bot 7 late]	1775320130286	1775320130293	OK	 
USER	medium_bot	END	1775320130294
USER	medium_bot	START	1775320130360
REQUEST		POST /api/gamey/play [medium_bot 5 early]	1775320130358	1775320130370	OK	 
REQUEST		POST /api/gamey/play [medium_bot 7 mid]	1775320130374	1775320130382	OK	 
REQUEST		POST /api/gamey/play [medium_bot 7 late]	1775320130381	1775320130387	OK	 
USER	medium_bot	END	1775320130389
USER	beginner_bot	START	1775320130426
USER	random_bot	START	1775320130426
REQUEST		POST /api/gamey/play [beginner_bot 5 early]	1775320130425	1775320130437	OK	 
REQUEST		POST /api/gamey/play [random_bot 5 early]	1775320130424	1775320130438	OK	 
REQUEST		POST /api/gamey/play [beginner_bot 7 late]	1775320130446	1775320130453	OK	 
USER	beginner_bot	END	1775320130455
REQUEST		POST /api/gamey/play [random_bot 7 mid]	1775320130466	1775320130473	OK	 
USER	random_bot	END	1775320130475
USER	beginner_bot	START	1775320130636
USER	random_bot	START	1775320130662
REQUEST		POST /api/gamey/play [random_bot 7 mid]	1775320130653	1775320130668	OK	 
REQUEST		POST /api/gamey/play [beginner_bot 7 late]	1775320130649	1775320130669	OK	 
USER	beginner_bot	END	1775320130672
USER	random_bot	END	1775320130673
REQUEST		POST /api/gamey/play [beginner_bot 5 early]	1775320130626	1775320130684	OK	 
REQUEST		POST /api/gamey/play [random_bot 5 early]	1775320130649	1775320130690	OK	 
USER	medium_bot	START	1775320130692
REQUEST		POST /api/gamey/play [medium_bot 5 early]	1775320130691	1775320130702	OK	 
REQUEST		POST /api/gamey/play [medium_bot 7 mid]	1775320130707	1775320130714	OK	 
REQUEST		POST /api/gamey/play [medium_bot 7 late]	1775320130747	1775320130756	OK	 
USER	medium_bot	END	1775320130759
USER	beginner_bot	START	1775320130829
USER	random_bot	START	1775320130833
REQUEST		POST /api/gamey/play [beginner_bot 5 early]	1775320130827	1775320130844	OK	 
REQUEST		POST /api/gamey/play [random_bot 5 early]	1775320130831	1775320130848	OK	 
REQUEST		POST /api/gamey/play [beginner_bot 7 late]	1775320130852	1775320130860	OK	 
USER	beginner_bot	END	1775320130863
REQUEST		POST /api/gamey/play [random_bot 7 mid]	1775320130865	1775320130876	OK	 
USER	random_bot	END	1775320130878
USER	medium_bot	START	1775320131028
USER	beginner_bot	START	1775320131028
USER	random_bot	START	1775320131035
REQUEST		POST /api/gamey/play [beginner_bot 5 early]	1775320131027	1775320131047	OK	 
REQUEST		POST /api/gamey/play [medium_bot 5 early]	1775320131025	1775320131048	OK	 
REQUEST		POST /api/gamey/play [random_bot 5 early]	1775320131031	1775320131050	OK	 
REQUEST		POST /api/gamey/play [medium_bot 7 mid]	1775320131051	1775320131057	OK	 
REQUEST		POST /api/gamey/play [beginner_bot 7 late]	1775320131053	1775320131059	OK	 
USER	beginner_bot	END	1775320131060
REQUEST		POST /api/gamey/play [medium_bot 7 late]	1775320131082	1775320131090	OK	 
USER	medium_bot	END	1775320131091
REQUEST		POST /api/gamey/play [random_bot 7 mid]	1775320131087	1775320131094	OK	 
USER	random_bot	END	1775320131095
USER	random_bot	START	1775320131225
USER	beginner_bot	START	1775320131228
REQUEST		POST /api/gamey/play [beginner_bot 5 early]	1775320131224	1775320131240	OK	 
REQUEST		POST /api/gamey/play [random_bot 5 early]	1775320131224	1775320131241	OK	 
REQUEST		POST /api/gamey/play [random_bot 7 mid]	1775320131254	1775320131263	OK	 
REQUEST		POST /api/gamey/play [beginner_bot 7 late]	1775320131254	1775320131264	OK	 
USER	random_bot	END	1775320131264
USER	beginner_bot	END	1775320131266
USER	medium_bot	START	1775320131358
REQUEST		POST /api/gamey/play [medium_bot 5 early]	1775320131356	1775320131368	OK	 
REQUEST		POST /api/gamey/play [medium_bot 7 mid]	1775320131373	1775320131394	OK	 
REQUEST		POST /api/gamey/play [medium_bot 7 late]	1775320131385	1775320131405	OK	 
USER	medium_bot	END	1775320131406
USER	random_bot	START	1775320131426
USER	beginner_bot	START	1775320131429
REQUEST		POST /api/gamey/play [random_bot 5 early]	1775320131424	1775320131447	OK	 
REQUEST		POST /api/gamey/play [beginner_bot 5 early]	1775320131427	1775320131448	OK	 
REQUEST		POST /api/gamey/play [random_bot 7 mid]	1775320131440	1775320131454	OK	 
USER	random_bot	END	1775320131455
REQUEST		POST /api/gamey/play [beginner_bot 7 late]	1775320131440	1775320131458	OK	 
USER	beginner_bot	END	1775320131459
USER	beginner_bot	START	1775320131625
USER	random_bot	START	1775320131628
REQUEST		POST /api/gamey/play [beginner_bot 5 early]	1775320131623	1775320131642	OK	 
REQUEST		POST /api/gamey/play [random_bot 5 early]	1775320131624	1775320131644	OK	 
USER	medium_bot	START	1775320131696
REQUEST		POST /api/gamey/play [beginner_bot 7 late]	1775320131698	1775320131712	OK	 
REQUEST		POST /api/gamey/play [random_bot 7 mid]	1775320131700	1775320131712	OK	 
USER	beginner_bot	END	1775320131713
USER	random_bot	END	1775320131714
REQUEST		POST /api/gamey/play [medium_bot 7 mid]	1775320131709	1775320131743	OK	 
REQUEST		POST /api/gamey/play [medium_bot 5 early]	1775320131695	1775320131743	OK	 
REQUEST		POST /api/gamey/play [medium_bot 7 late]	1775320131717	1775320131746	OK	 
USER	medium_bot	END	1775320131747
USER	beginner_bot	START	1775320131826
USER	random_bot	START	1775320131826
REQUEST		POST /api/gamey/play [random_bot 5 early]	1775320131825	1775320131839	OK	 
REQUEST		POST /api/gamey/play [beginner_bot 5 early]	1775320131824	1775320131840	OK	 
REQUEST		POST /api/gamey/play [beginner_bot 7 late]	1775320131846	1775320131854	OK	 
USER	beginner_bot	END	1775320131856
REQUEST		POST /api/gamey/play [random_bot 7 mid]	1775320131852	1775320131859	OK	 
USER	random_bot	END	1775320131860
USER	medium_bot	START	1775320132025
USER	beginner_bot	START	1775320132026
USER	random_bot	START	1775320132026
REQUEST		POST /api/gamey/play [beginner_bot 5 early]	1775320132025	1775320132040	OK	 
REQUEST		POST /api/gamey/play [medium_bot 5 early]	1775320132024	1775320132040	OK	 
REQUEST		POST /api/gamey/play [random_bot 5 early]	1775320132025	1775320132043	OK	 
REQUEST		POST /api/gamey/play [medium_bot 7 mid]	1775320132051	1775320132059	OK	 
REQUEST		POST /api/gamey/play [beginner_bot 7 late]	1775320132051	1775320132065	OK	 
USER	beginner_bot	END	1775320132066
REQUEST		POST /api/gamey/play [random_bot 7 mid]	1775320132054	1775320132070	OK	 
USER	random_bot	END	1775320132072
REQUEST		POST /api/gamey/play [medium_bot 7 late]	1775320132060	1775320132073	OK	 
USER	medium_bot	END	1775320132075
USER	random_bot	START	1775320132224
USER	beginner_bot	START	1775320132225
REQUEST		POST /api/gamey/play [random_bot 5 early]	1775320132223	1775320132240	OK	 
REQUEST		POST /api/gamey/play [beginner_bot 5 early]	1775320132224	1775320132244	OK	 
REQUEST		POST /api/gamey/play [beginner_bot 7 late]	1775320132242	1775320132256	OK	 
REQUEST		POST /api/gamey/play [random_bot 7 mid]	1775320132243	1775320132263	OK	 
USER	beginner_bot	END	1775320132266
USER	random_bot	END	1775320132266
USER	medium_bot	START	1775320132358
REQUEST		POST /api/gamey/play [medium_bot 5 early]	1775320132357	1775320132369	OK	 
REQUEST		POST /api/gamey/play [medium_bot 7 mid]	1775320132370	1775320132376	OK	 
REQUEST		POST /api/gamey/play [medium_bot 7 late]	1775320132398	1775320132406	OK	 
USER	medium_bot	END	1775320132408
USER	beginner_bot	START	1775320132424
USER	random_bot	START	1775320132425
REQUEST		POST /api/gamey/play [beginner_bot 5 early]	1775320132423	1775320132436	OK	 
REQUEST		POST /api/gamey/play [random_bot 5 early]	1775320132424	1775320132436	OK	 
REQUEST		POST /api/gamey/play [beginner_bot 7 late]	1775320132450	1775320132461	OK	 
REQUEST		POST /api/gamey/play [random_bot 7 mid]	1775320132453	1775320132463	OK	 
USER	beginner_bot	END	1775320132464
USER	random_bot	END	1775320132464
USER	random_bot	START	1775320132626
USER	beginner_bot	START	1775320132626
REQUEST		POST /api/gamey/play [random_bot 5 early]	1775320132625	1775320132655	OK	 
REQUEST		POST /api/gamey/play [random_bot 7 mid]	1775320132646	1775320132660	OK	 
REQUEST		POST /api/gamey/play [beginner_bot 5 early]	1775320132625	1775320132661	OK	 
USER	random_bot	END	1775320132663
REQUEST		POST /api/gamey/play [beginner_bot 7 late]	1775320132647	1775320132664	OK	 
USER	beginner_bot	END	1775320132666
USER	medium_bot	START	1775320132694
REQUEST		POST /api/gamey/play [medium_bot 5 early]	1775320132692	1775320132712	OK	 
REQUEST		POST /api/gamey/play [medium_bot 7 mid]	1775320132745	1775320132753	OK	 
REQUEST		POST /api/gamey/play [medium_bot 7 late]	1775320132746	1775320132754	OK	 
USER	medium_bot	END	1775320132755
USER	beginner_bot	START	1775320132827
USER	random_bot	START	1775320132829
REQUEST		POST /api/gamey/play [random_bot 5 early]	1775320132827	1775320132841	OK	 
REQUEST		POST /api/gamey/play [beginner_bot 5 early]	1775320132825	1775320132843	OK	 
REQUEST		POST /api/gamey/play [random_bot 7 mid]	1775320132842	1775320132849	OK	 
USER	random_bot	END	1775320132850
REQUEST		POST /api/gamey/play [beginner_bot 7 late]	1775320132844	1775320132855	OK	 
USER	beginner_bot	END	1775320132856
USER	random_bot	START	1775320133094
REQUEST		POST /api/gamey/play [beginner_bot 7 late]	1775320133043	1775320133101	OK	 
USER	beginner_bot	END	1775320133104
USER	beginner_bot	START	1775320133106
USER	medium_bot	START	1775320133107
REQUEST		POST /api/gamey/play [medium_bot 7 late]	1775320133090	1775320133112	OK	 
REQUEST		POST /api/gamey/play [random_bot 7 mid]	1775320133090	1775320133112	OK	 
USER	medium_bot	END	1775320133114
USER	random_bot	END	1775320133114
REQUEST		POST /api/gamey/play [medium_bot 7 mid]	1775320133099	1775320133121	OK	 
REQUEST		POST /api/gamey/play [random_bot 5 early]	1775320133092	1775320133125	OK	 
REQUEST		POST /api/gamey/play [beginner_bot 5 early]	1775320133093	1775320133129	OK	 
REQUEST		POST /api/gamey/play [medium_bot 5 early]	1775320133096	1775320133148	OK	 
USER	beginner_bot	START	1775320133225
USER	random_bot	START	1775320133225
REQUEST		POST /api/gamey/play [beginner_bot 5 early]	1775320133224	1775320133236	OK	 
REQUEST		POST /api/gamey/play [random_bot 5 early]	1775320133224	1775320133237	OK	 
REQUEST		POST /api/gamey/play [random_bot 7 mid]	1775320133242	1775320133249	OK	 
USER	random_bot	END	1775320133250
REQUEST		POST /api/gamey/play [beginner_bot 7 late]	1775320133245	1775320133252	OK	 
USER	beginner_bot	END	1775320133253
USER	medium_bot	START	1775320133361
REQUEST		POST /api/gamey/play [medium_bot 5 early]	1775320133360	1775320133373	OK	 
REQUEST		POST /api/gamey/play [medium_bot 7 mid]	1775320133373	1775320133382	OK	 
REQUEST		POST /api/gamey/play [medium_bot 7 late]	1775320133379	1775320133388	OK	 
USER	medium_bot	END	1775320133390
USER	random_bot	START	1775320133426
USER	beginner_bot	START	1775320133426
REQUEST		POST /api/gamey/play [beginner_bot 5 early]	1775320133425	1775320133440	OK	 
REQUEST		POST /api/gamey/play [random_bot 5 early]	1775320133425	1775320133440	OK	 
REQUEST		POST /api/gamey/play [random_bot 7 mid]	1775320133439	1775320133445	OK	 
USER	random_bot	END	1775320133447
REQUEST		POST /api/gamey/play [beginner_bot 7 late]	1775320133440	1775320133449	OK	 
USER	beginner_bot	END	1775320133450
USER	random_bot	START	1775320133628
REQUEST		POST /api/gamey/play [random_bot 5 early]	1775320133626	1775320133637	OK	 
USER	beginner_bot	START	1775320133641
REQUEST		POST /api/gamey/play [beginner_bot 5 early]	1775320133640	1775320133649	OK	 
REQUEST		POST /api/gamey/play [random_bot 7 mid]	1775320133660	1775320133668	OK	 
USER	random_bot	END	1775320133669
REQUEST		POST /api/gamey/play [beginner_bot 7 late]	1775320133665	1775320133671	OK	 
USER	beginner_bot	END	1775320133672
USER	medium_bot	START	1775320133693
REQUEST		POST /api/gamey/play [medium_bot 5 early]	1775320133692	1775320133702	OK	 
REQUEST		POST /api/gamey/play [medium_bot 7 mid]	1775320133715	1775320133723	OK	 
REQUEST		POST /api/gamey/play [medium_bot 7 late]	1775320133757	1775320133766	OK	 
USER	medium_bot	END	1775320133767
USER	random_bot	START	1775320133827
REQUEST		POST /api/gamey/play [random_bot 5 early]	1775320133826	1775320133845	OK	 
USER	beginner_bot	START	1775320133855
REQUEST		POST /api/gamey/play [beginner_bot 7 late]	1775320133853	1775320133867	OK	 
REQUEST		POST /api/gamey/play [random_bot 7 mid]	1775320133848	1775320133868	OK	 
USER	beginner_bot	END	1775320133870
USER	random_bot	END	1775320133870
REQUEST		POST /api/gamey/play [beginner_bot 5 early]	1775320133854	1775320133878	OK	 
USER	medium_bot	START	1775320134028
USER	random_bot	START	1775320134028
REQUEST		POST /api/gamey/play [random_bot 5 early]	1775320134026	1775320134037	OK	 
REQUEST		POST /api/gamey/play [medium_bot 5 early]	1775320134026	1775320134038	OK	 
USER	beginner_bot	START	1775320134042
REQUEST		POST /api/gamey/play [beginner_bot 5 early]	1775320134041	1775320134050	OK	 
REQUEST		POST /api/gamey/play [medium_bot 7 late]	1775320134123	1775320134135	OK	 
USER	medium_bot	END	1775320134138
REQUEST		POST /api/gamey/play [random_bot 7 mid]	1775320134129	1775320134140	OK	 
REQUEST		POST /api/gamey/play [beginner_bot 7 late]	1775320134132	1775320134140	OK	 
USER	random_bot	END	1775320134142
USER	beginner_bot	END	1775320134142
REQUEST		POST /api/gamey/play [medium_bot 7 mid]	1775320134149	1775320134156	OK	 
USER	random_bot	START	1775320134225
USER	beginner_bot	START	1775320134226
REQUEST		POST /api/gamey/play [beginner_bot 5 early]	1775320134225	1775320134237	OK	 
REQUEST		POST /api/gamey/play [random_bot 5 early]	1775320134224	1775320134239	OK	 
REQUEST		POST /api/gamey/play [random_bot 7 mid]	1775320134241	1775320134249	OK	 
USER	random_bot	END	1775320134250
REQUEST		POST /api/gamey/play [beginner_bot 7 late]	1775320134241	1775320134250	OK	 
USER	beginner_bot	END	1775320134251
USER	medium_bot	START	1775320134359
REQUEST		POST /api/gamey/play [medium_bot 5 early]	1775320134357	1775320134369	OK	 
REQUEST		POST /api/gamey/play [medium_bot 7 mid]	1775320134375	1775320134381	OK	 
REQUEST		POST /api/gamey/play [medium_bot 7 late]	1775320134384	1775320134391	OK	 
USER	medium_bot	END	1775320134392
USER	random_bot	START	1775320134424
USER	beginner_bot	START	1775320134427
REQUEST		POST /api/gamey/play [random_bot 5 early]	1775320134423	1775320134435	OK	 
REQUEST		POST /api/gamey/play [beginner_bot 5 early]	1775320134426	1775320134436	OK	 
REQUEST		POST /api/gamey/play [beginner_bot 7 late]	1775320134442	1775320134451	OK	 
REQUEST		POST /api/gamey/play [random_bot 7 mid]	1775320134444	1775320134451	OK	 
USER	beginner_bot	END	1775320134453
USER	random_bot	END	1775320134453
USER	random_bot	START	1775320134624
USER	beginner_bot	START	1775320134628
REQUEST		POST /api/gamey/play [random_bot 5 early]	1775320134624	1775320134644	OK	 
REQUEST		POST /api/gamey/play [beginner_bot 5 early]	1775320134624	1775320134649	OK	 
REQUEST		POST /api/gamey/play [random_bot 7 mid]	1775320134642	1775320134651	OK	 
USER	random_bot	END	1775320134652
REQUEST		POST /api/gamey/play [beginner_bot 7 late]	1775320134653	1775320134663	OK	 
USER	beginner_bot	END	1775320134665
USER	medium_bot	START	1775320134690
REQUEST		POST /api/gamey/play [medium_bot 5 early]	1775320134689	1775320134701	OK	 
REQUEST		POST /api/gamey/play [medium_bot 7 mid]	1775320134704	1775320134711	OK	 
REQUEST		POST /api/gamey/play [medium_bot 7 late]	1775320134725	1775320134732	OK	 
USER	medium_bot	END	1775320134733
USER	random_bot	START	1775320134826
USER	beginner_bot	START	1775320134828
REQUEST		POST /api/gamey/play [beginner_bot 5 early]	1775320134827	1775320134841	OK	 
REQUEST		POST /api/gamey/play [random_bot 5 early]	1775320134824	1775320134842	OK	 
REQUEST		POST /api/gamey/play [random_bot 7 mid]	1775320134848	1775320134854	OK	 
USER	random_bot	END	1775320134855
REQUEST		POST /api/gamey/play [beginner_bot 7 late]	1775320134880	1775320134885	OK	 
USER	beginner_bot	END	1775320134886
USER	random_bot	START	1775320135025
USER	beginner_bot	START	1775320135026
USER	medium_bot	START	1775320135027
REQUEST		POST /api/gamey/play [beginner_bot 5 early]	1775320135025	1775320135039	OK	 
REQUEST		POST /api/gamey/play [random_bot 5 early]	1775320135024	1775320135041	OK	 
REQUEST		POST /api/gamey/play [medium_bot 5 early]	1775320135026	1775320135043	OK	 
REQUEST		POST /api/gamey/play [medium_bot 7 mid]	1775320135039	1775320135049	OK	 
REQUEST		POST /api/gamey/play [random_bot 7 mid]	1775320135041	1775320135063	OK	 
USER	random_bot	END	1775320135064
REQUEST		POST /api/gamey/play [beginner_bot 7 late]	1775320135057	1775320135069	OK	 
USER	beginner_bot	END	1775320135071
REQUEST		POST /api/gamey/play [medium_bot 7 late]	1775320135158	1775320135166	OK	 
USER	medium_bot	END	1775320135168
USER	random_bot	START	1775320135226
USER	beginner_bot	START	1775320135226
REQUEST		POST /api/gamey/play [beginner_bot 5 early]	1775320135225	1775320135251	OK	 
REQUEST		POST /api/gamey/play [random_bot 5 early]	1775320135225	1775320135252	OK	 
REQUEST		POST /api/gamey/play [beginner_bot 7 late]	1775320135245	1775320135259	OK	 
REQUEST		POST /api/gamey/play [random_bot 7 mid]	1775320135243	1775320135260	OK	 
USER	beginner_bot	END	1775320135261
USER	random_bot	END	1775320135261
USER	medium_bot	START	1775320135359
REQUEST		POST /api/gamey/play [medium_bot 5 early]	1775320135358	1775320135376	OK	 
REQUEST		POST /api/gamey/play [medium_bot 7 mid]	1775320135372	1775320135379	OK	 
REQUEST		POST /api/gamey/play [medium_bot 7 late]	1775320135383	1775320135390	OK	 
USER	medium_bot	END	1775320135392
USER	beginner_bot	START	1775320135425
USER	random_bot	START	1775320135426
REQUEST		POST /api/gamey/play [beginner_bot 5 early]	1775320135423	1775320135441	OK	 
REQUEST		POST /api/gamey/play [random_bot 5 early]	1775320135425	1775320135443	OK	 
REQUEST		POST /api/gamey/play [random_bot 7 mid]	1775320135437	1775320135445	OK	 
REQUEST		POST /api/gamey/play [beginner_bot 7 late]	1775320135438	1775320135445	OK	 
USER	beginner_bot	END	1775320135447
USER	random_bot	END	1775320135447
USER	random_bot	START	1775320135627
USER	beginner_bot	START	1775320135631
REQUEST		POST /api/gamey/play [random_bot 7 mid]	1775320135647	1775320135665	OK	 
USER	random_bot	END	1775320135669
REQUEST		POST /api/gamey/play [random_bot 5 early]	1775320135625	1775320135674	OK	 
REQUEST		POST /api/gamey/play [beginner_bot 5 early]	1775320135630	1775320135675	OK	 
REQUEST		POST /api/gamey/play [beginner_bot 7 late]	1775320135680	1775320135687	OK	 
USER	beginner_bot	END	1775320135689
USER	medium_bot	START	1775320135692
REQUEST		POST /api/gamey/play [medium_bot 5 early]	1775320135691	1775320135701	OK	 
REQUEST		POST /api/gamey/play [medium_bot 7 mid]	1775320135703	1775320135709	OK	 
REQUEST		POST /api/gamey/play [medium_bot 7 late]	1775320135712	1775320135717	OK	 
USER	medium_bot	END	1775320135718
USER	random_bot	START	1775320135826
USER	beginner_bot	START	1775320135828
REQUEST		POST /api/gamey/play [random_bot 5 early]	1775320135825	1775320135848	OK	 
REQUEST		POST /api/gamey/play [beginner_bot 5 early]	1775320135825	1775320135875	OK	 
REQUEST		POST /api/gamey/play [beginner_bot 7 late]	1775320135848	1775320135877	OK	 
REQUEST		POST /api/gamey/play [random_bot 7 mid]	1775320135845	1775320135878	OK	 
USER	beginner_bot	END	1775320135880
USER	random_bot	END	1775320135880
USER	random_bot	START	1775320136025
USER	medium_bot	START	1775320136027
USER	beginner_bot	START	1775320136028
REQUEST		POST /api/gamey/play [medium_bot 5 early]	1775320136027	1775320136062	OK	 
REQUEST		POST /api/gamey/play [medium_bot 7 late]	1775320136051	1775320136062	OK	 
USER	medium_bot	END	1775320136065
REQUEST		POST /api/gamey/play [random_bot 7 mid]	1775320136042	1775320136073	OK	 
USER	random_bot	END	1775320136074
REQUEST		POST /api/gamey/play [beginner_bot 5 early]	1775320136024	1775320136077	OK	 
REQUEST		POST /api/gamey/play [random_bot 5 early]	1775320136025	1775320136077	OK	 
REQUEST		POST /api/gamey/play [beginner_bot 7 late]	1775320136049	1775320136081	OK	 
USER	beginner_bot	END	1775320136082
REQUEST		POST /api/gamey/play [medium_bot 7 mid]	1775320136060	1775320136087	OK	 
USER	beginner_bot	START	1775320136227
USER	random_bot	START	1775320136227
REQUEST		POST /api/gamey/play [random_bot 5 early]	1775320136225	1775320136248	OK	 
REQUEST		POST /api/gamey/play [beginner_bot 5 early]	1775320136224	1775320136249	OK	 
REQUEST		POST /api/gamey/play [beginner_bot 7 late]	1775320136253	1775320136262	OK	 
REQUEST		POST /api/gamey/play [random_bot 7 mid]	1775320136255	1775320136263	OK	 
USER	beginner_bot	END	1775320136265
USER	random_bot	END	1775320136265
USER	medium_bot	START	1775320136359
REQUEST		POST /api/gamey/play [medium_bot 5 early]	1775320136357	1775320136383	OK	 
REQUEST		POST /api/gamey/play [medium_bot 7 late]	1775320136385	1775320136398	OK	 
REQUEST		POST /api/gamey/play [medium_bot 7 mid]	1775320136380	1775320136399	OK	 
USER	medium_bot	END	1775320136399
USER	beginner_bot	START	1775320136426
USER	random_bot	START	1775320136426
REQUEST		POST /api/gamey/play [random_bot 5 early]	1775320136424	1775320136438	OK	 
REQUEST		POST /api/gamey/play [beginner_bot 5 early]	1775320136424	1775320136439	OK	 
REQUEST		POST /api/gamey/play [beginner_bot 7 late]	1775320136443	1775320136454	OK	 
USER	beginner_bot	END	1775320136455
REQUEST		POST /api/gamey/play [random_bot 7 mid]	1775320136446	1775320136456	OK	 
USER	random_bot	END	1775320136457
USER	beginner_bot	START	1775320136629
USER	random_bot	START	1775320136629
REQUEST		POST /api/gamey/play [random_bot 5 early]	1775320136628	1775320136649	OK	 
REQUEST		POST /api/gamey/play [beginner_bot 5 early]	1775320136628	1775320136649	OK	 
REQUEST		POST /api/gamey/play [beginner_bot 7 late]	1775320136676	1775320136685	OK	 
USER	beginner_bot	END	1775320136687
REQUEST		POST /api/gamey/play [random_bot 7 mid]	1775320136676	1775320136687	OK	 
USER	random_bot	END	1775320136688
USER	medium_bot	START	1775320136692
REQUEST		POST /api/gamey/play [medium_bot 5 early]	1775320136691	1775320136700	OK	 
REQUEST		POST /api/gamey/play [medium_bot 7 mid]	1775320136702	1775320136708	OK	 
REQUEST		POST /api/gamey/play [medium_bot 7 late]	1775320136711	1775320136716	OK	 
USER	medium_bot	END	1775320136717
USER	beginner_bot	START	1775320136826
USER	random_bot	START	1775320136826
REQUEST		POST /api/gamey/play [random_bot 5 early]	1775320136825	1775320136836	OK	 
REQUEST		POST /api/gamey/play [beginner_bot 5 early]	1775320136824	1775320136838	OK	 
REQUEST		POST /api/gamey/play [random_bot 7 mid]	1775320136850	1775320136857	OK	 
USER	random_bot	END	1775320136858
REQUEST		POST /api/gamey/play [beginner_bot 7 late]	1775320136876	1775320136884	OK	 
USER	beginner_bot	END	1775320136885
USER	beginner_bot	START	1775320137027
USER	random_bot	START	1775320137027
USER	medium_bot	START	1775320137028
REQUEST		POST /api/gamey/play [beginner_bot 5 early]	1775320137025	1775320137039	OK	 
REQUEST		POST /api/gamey/play [random_bot 5 early]	1775320137026	1775320137040	OK	 
REQUEST		POST /api/gamey/play [medium_bot 5 early]	1775320137027	1775320137041	OK	 
REQUEST		POST /api/gamey/play [medium_bot 7 mid]	1775320137064	1775320137072	OK	 
REQUEST		POST /api/gamey/play [random_bot 7 mid]	1775320137079	1775320137087	OK	 
REQUEST		POST /api/gamey/play [beginner_bot 7 late]	1775320137078	1775320137087	OK	 
USER	beginner_bot	END	1775320137088
USER	random_bot	END	1775320137088
REQUEST		POST /api/gamey/play [medium_bot 7 late]	1775320137089	1775320137096	OK	 
USER	medium_bot	END	1775320137097
USER	random_bot	START	1775320137226
USER	beginner_bot	START	1775320137230
REQUEST		POST /api/gamey/play [beginner_bot 5 early]	1775320137229	1775320137245	OK	 
REQUEST		POST /api/gamey/play [random_bot 5 early]	1775320137223	1775320137247	OK	 
REQUEST		POST /api/gamey/play [beginner_bot 7 late]	1775320137251	1775320137264	OK	 
USER	beginner_bot	END	1775320137267
REQUEST		POST /api/gamey/play [random_bot 7 mid]	1775320137252	1775320137273	OK	 
USER	random_bot	END	1775320137278
USER	medium_bot	START	1775320137359
REQUEST		POST /api/gamey/play [medium_bot 5 early]	1775320137357	1775320137375	OK	 
REQUEST		POST /api/gamey/play [medium_bot 7 mid]	1775320137388	1775320137415	OK	 
USER	beginner_bot	START	1775320137441
USER	random_bot	START	1775320137459
REQUEST		POST /api/gamey/play [medium_bot 7 late]	1775320137459	1775320137479	OK	 
USER	medium_bot	END	1775320137497
REQUEST		POST /api/gamey/play [beginner_bot 7 late]	1775320137463	1775320137501	OK	 
USER	beginner_bot	END	1775320137506
REQUEST		POST /api/gamey/play [random_bot 5 early]	1775320137456	1775320137509	OK	 
REQUEST		POST /api/gamey/play [beginner_bot 5 early]	1775320137438	1775320137509	OK	 
REQUEST		POST /api/gamey/play [random_bot 7 mid]	1775320137475	1775320137518	OK	 
USER	random_bot	END	1775320137519
USER	random_bot	START	1775320137625
USER	beginner_bot	START	1775320137629
REQUEST		POST /api/gamey/play [random_bot 5 early]	1775320137624	1775320137642	OK	 
REQUEST		POST /api/gamey/play [beginner_bot 5 early]	1775320137627	1775320137648	OK	 
REQUEST		POST /api/gamey/play [beginner_bot 7 late]	1775320137652	1775320137665	OK	 
REQUEST		POST /api/gamey/play [random_bot 7 mid]	1775320137651	1775320137665	OK	 
USER	beginner_bot	END	1775320137667
USER	random_bot	END	1775320137667
USER	medium_bot	START	1775320137692
REQUEST		POST /api/gamey/play [medium_bot 5 early]	1775320137690	1775320137701	OK	 
REQUEST		POST /api/gamey/play [medium_bot 7 mid]	1775320137702	1775320137708	OK	 
REQUEST		POST /api/gamey/play [medium_bot 7 late]	1775320137709	1775320137715	OK	 
USER	medium_bot	END	1775320137716
USER	random_bot	START	1775320137825
USER	beginner_bot	START	1775320137826
REQUEST		POST /api/gamey/play [beginner_bot 5 early]	1775320137824	1775320137834	OK	 
REQUEST		POST /api/gamey/play [random_bot 5 early]	1775320137823	1775320137835	OK	 
REQUEST		POST /api/gamey/play [random_bot 7 mid]	1775320137838	1775320137847	OK	 
REQUEST		POST /api/gamey/play [beginner_bot 7 late]	1775320137839	1775320137848	OK	 
USER	random_bot	END	1775320137848
USER	beginner_bot	END	1775320137848
USER	medium_bot	START	1775320138027
USER	random_bot	START	1775320138028
USER	beginner_bot	START	1775320138030
REQUEST		POST /api/gamey/play [medium_bot 5 early]	1775320138025	1775320138056	OK	 
REQUEST		POST /api/gamey/play [beginner_bot 5 early]	1775320138029	1775320138059	OK	 
REQUEST		POST /api/gamey/play [random_bot 5 early]	1775320138027	1775320138059	OK	 
REQUEST		POST /api/gamey/play [beginner_bot 7 late]	1775320138044	1775320138061	OK	 
REQUEST		POST /api/gamey/play [medium_bot 7 mid]	1775320138046	1775320138061	OK	 
USER	beginner_bot	END	1775320138062
REQUEST		POST /api/gamey/play [random_bot 7 mid]	1775320138044	1775320138074	OK	 
USER	random_bot	END	1775320138078
REQUEST		POST /api/gamey/play [medium_bot 7 late]	1775320138075	1775320138089	OK	 
USER	medium_bot	END	1775320138092
USER	random_bot	START	1775320138225
USER	beginner_bot	START	1775320138225
REQUEST		POST /api/gamey/play [beginner_bot 5 early]	1775320138224	1775320138236	OK	 
REQUEST		POST /api/gamey/play [random_bot 5 early]	1775320138224	1775320138236	OK	 
REQUEST		POST /api/gamey/play [beginner_bot 7 late]	1775320138248	1775320138256	OK	 
USER	beginner_bot	END	1775320138257
REQUEST		POST /api/gamey/play [random_bot 7 mid]	1775320138251	1775320138258	OK	 
USER	random_bot	END	1775320138259
USER	medium_bot	START	1775320138359
REQUEST		POST /api/gamey/play [medium_bot 5 early]	1775320138357	1775320138373	OK	 
REQUEST		POST /api/gamey/play [medium_bot 7 mid]	1775320138378	1775320138384	OK	 
USER	beginner_bot	START	1775320138428
USER	random_bot	START	1775320138425
REQUEST		POST /api/gamey/play [medium_bot 7 late]	1775320138419	1775320138439	OK	 
USER	medium_bot	END	1775320138440
REQUEST		POST /api/gamey/play [random_bot 5 early]	1775320138424	1775320138449	OK	 
REQUEST		POST /api/gamey/play [beginner_bot 5 early]	1775320138427	1775320138449	OK	 
REQUEST		POST /api/gamey/play [random_bot 7 mid]	1775320138517	1775320138525	OK	 
REQUEST		POST /api/gamey/play [beginner_bot 7 late]	1775320138516	1775320138526	OK	 
USER	random_bot	END	1775320138527
USER	beginner_bot	END	1775320138527
USER	beginner_bot	START	1775320138627
USER	random_bot	START	1775320138630
REQUEST		POST /api/gamey/play [random_bot 5 early]	1775320138624	1775320138643	OK	 
REQUEST		POST /api/gamey/play [beginner_bot 5 early]	1775320138624	1775320138643	OK	 
REQUEST		POST /api/gamey/play [random_bot 7 mid]	1775320138645	1775320138650	OK	 
REQUEST		POST /api/gamey/play [beginner_bot 7 late]	1775320138649	1775320138667	OK	 
USER	random_bot	END	1775320138667
USER	beginner_bot	END	1775320138668
USER	medium_bot	START	1775320138695
REQUEST		POST /api/gamey/play [medium_bot 7 mid]	1775320138705	1775320138733	OK	 
REQUEST		POST /api/gamey/play [medium_bot 5 early]	1775320138691	1775320138734	OK	 
REQUEST		POST /api/gamey/play [medium_bot 7 late]	1775320138717	1775320138736	OK	 
USER	medium_bot	END	1775320138737
USER	beginner_bot	START	1775320138825
USER	random_bot	START	1775320138825
REQUEST		POST /api/gamey/play [random_bot 5 early]	1775320138824	1775320138836	OK	 
REQUEST		POST /api/gamey/play [beginner_bot 5 early]	1775320138824	1775320138838	OK	 
REQUEST		POST /api/gamey/play [beginner_bot 7 late]	1775320138837	1775320138844	OK	 
USER	beginner_bot	END	1775320138845
REQUEST		POST /api/gamey/play [random_bot 7 mid]	1775320138838	1775320138848	OK	 
USER	random_bot	END	1775320138850
USER	random_bot	START	1775320139026
USER	beginner_bot	START	1775320139027
USER	medium_bot	START	1775320139029
REQUEST		POST /api/gamey/play [random_bot 5 early]	1775320139023	1775320139046	OK	 
REQUEST		POST /api/gamey/play [beginner_bot 5 early]	1775320139024	1775320139046	OK	 
REQUEST		POST /api/gamey/play [medium_bot 5 early]	1775320139029	1775320139056	OK	 
REQUEST		POST /api/gamey/play [beginner_bot 7 late]	1775320139061	1775320139070	OK	 
REQUEST		POST /api/gamey/play [random_bot 7 mid]	1775320139060	1775320139070	OK	 
REQUEST		POST /api/gamey/play [medium_bot 7 mid]	1775320139060	1775320139072	OK	 
USER	beginner_bot	END	1775320139072
USER	random_bot	END	1775320139072
REQUEST		POST /api/gamey/play [medium_bot 7 late]	1775320139067	1775320139077	OK	 
USER	medium_bot	END	1775320139078
USER	random_bot	START	1775320139225
USER	beginner_bot	START	1775320139229
REQUEST		POST /api/gamey/play [random_bot 5 early]	1775320139224	1775320139265	OK	 
REQUEST		POST /api/gamey/play [random_bot 7 mid]	1775320139244	1775320139267	OK	 
REQUEST		POST /api/gamey/play [beginner_bot 5 early]	1775320139229	1775320139267	OK	 
USER	random_bot	END	1775320139268
REQUEST		POST /api/gamey/play [beginner_bot 7 late]	1775320139242	1775320139274	OK	 
USER	beginner_bot	END	1775320139276
USER	medium_bot	START	1775320139359
REQUEST		POST /api/gamey/play [medium_bot 5 early]	1775320139357	1775320139370	OK	 
REQUEST		POST /api/gamey/play [medium_bot 7 mid]	1775320139374	1775320139380	OK	 
REQUEST		POST /api/gamey/play [medium_bot 7 late]	1775320139385	1775320139391	OK	 
USER	medium_bot	END	1775320139392
USER	beginner_bot	START	1775320139425
USER	random_bot	START	1775320139425
REQUEST		POST /api/gamey/play [beginner_bot 5 early]	1775320139423	1775320139440	OK	 
REQUEST		POST /api/gamey/play [random_bot 5 early]	1775320139424	1775320139440	OK	 
REQUEST		POST /api/gamey/play [random_bot 7 mid]	1775320139451	1775320139458	OK	 
REQUEST		POST /api/gamey/play [beginner_bot 7 late]	1775320139450	1775320139459	OK	 
USER	beginner_bot	END	1775320139460
USER	random_bot	END	1775320139460
USER	beginner_bot	START	1775320139625
USER	random_bot	START	1775320139627
REQUEST		POST /api/gamey/play [random_bot 5 early]	1775320139625	1775320139640	OK	 
REQUEST		POST /api/gamey/play [beginner_bot 5 early]	1775320139623	1775320139641	OK	 
REQUEST		POST /api/gamey/play [random_bot 7 mid]	1775320139646	1775320139653	OK	 
REQUEST		POST /api/gamey/play [beginner_bot 7 late]	1775320139646	1775320139654	OK	 
USER	random_bot	END	1775320139655
USER	beginner_bot	END	1775320139655
USER	medium_bot	START	1775320139691
REQUEST		POST /api/gamey/play [medium_bot 5 early]	1775320139689	1775320139701	OK	 
REQUEST		POST /api/gamey/play [medium_bot 7 late]	1775320139735	1775320139749	OK	 
USER	medium_bot	END	1775320139751
REQUEST		POST /api/gamey/play [medium_bot 7 mid]	1775320139735	1775320139750	OK	 
USER	beginner_bot	START	1775320139825
USER	random_bot	START	1775320139835
REQUEST		POST /api/gamey/play [random_bot 7 mid]	1775320139846	1775320139868	OK	 
USER	random_bot	END	1775320139869
REQUEST		POST /api/gamey/play [beginner_bot 7 late]	1775320139847	1775320139869	OK	 
REQUEST		POST /api/gamey/play [beginner_bot 5 early]	1775320139824	1775320139869	OK	 
USER	beginner_bot	END	1775320139871
REQUEST		POST /api/gamey/play [random_bot 5 early]	1775320139831	1775320139884	OK	 
USER	random_bot	START	1775320140035
USER	beginner_bot	START	1775320140035
USER	medium_bot	START	1775320140038
REQUEST		POST /api/gamey/play [beginner_bot 5 early]	1775320140035	1775320140049	OK	 
REQUEST		POST /api/gamey/play [random_bot 5 early]	1775320140034	1775320140052	OK	 
REQUEST		POST /api/gamey/play [medium_bot 5 early]	1775320140038	1775320140058	OK	 
REQUEST		POST /api/gamey/play [random_bot 7 mid]	1775320140047	1775320140058	OK	 
USER	random_bot	END	1775320140059
REQUEST		POST /api/gamey/play [beginner_bot 7 late]	1775320140047	1775320140060	OK	 
USER	beginner_bot	END	1775320140061
REQUEST		POST /api/gamey/play [medium_bot 7 mid]	1775320140058	1775320140064	OK	 
REQUEST		POST /api/gamey/play [medium_bot 7 late]	1775320140073	1775320140078	OK	 
USER	medium_bot	END	1775320140078
USER	random_bot	START	1775320140226
USER	beginner_bot	START	1775320140228
REQUEST		POST /api/gamey/play [random_bot 5 early]	1775320140224	1775320140242	OK	 
REQUEST		POST /api/gamey/play [beginner_bot 5 early]	1775320140225	1775320140242	OK	 
REQUEST		POST /api/gamey/play [random_bot 7 mid]	1775320140267	1775320140279	OK	 
USER	random_bot	END	1775320140281
REQUEST		POST /api/gamey/play [beginner_bot 7 late]	1775320140271	1775320140283	OK	 
USER	beginner_bot	END	1775320140284
USER	medium_bot	START	1775320140360
REQUEST		POST /api/gamey/play [medium_bot 5 early]	1775320140359	1775320140375	OK	 
REQUEST		POST /api/gamey/play [medium_bot 7 mid]	1775320140373	1775320140384	OK	 
REQUEST		POST /api/gamey/play [medium_bot 7 late]	1775320140383	1775320140391	OK	 
USER	medium_bot	END	1775320140392
USER	random_bot	START	1775320140425
USER	beginner_bot	START	1775320140426
REQUEST		POST /api/gamey/play [beginner_bot 5 early]	1775320140425	1775320140441	OK	 
REQUEST		POST /api/gamey/play [random_bot 5 early]	1775320140424	1775320140442	OK	 
REQUEST		POST /api/gamey/play [beginner_bot 7 late]	1775320140443	1775320140457	OK	 
REQUEST		POST /api/gamey/play [random_bot 7 mid]	1775320140443	1775320140457	OK	 
USER	beginner_bot	END	1775320140458
USER	random_bot	END	1775320140458
USER	random_bot	START	1775320140625
USER	beginner_bot	START	1775320140626
REQUEST		POST /api/gamey/play [random_bot 5 early]	1775320140624	1775320140635	OK	 
REQUEST		POST /api/gamey/play [beginner_bot 5 early]	1775320140625	1775320140636	OK	 
REQUEST		POST /api/gamey/play [random_bot 7 mid]	1775320140641	1775320140648	OK	 
REQUEST		POST /api/gamey/play [beginner_bot 7 late]	1775320140643	1775320140650	OK	 
USER	random_bot	END	1775320140650
USER	beginner_bot	END	1775320140651
USER	medium_bot	START	1775320140694
REQUEST		POST /api/gamey/play [medium_bot 5 early]	1775320140692	1775320140702	OK	 
REQUEST		POST /api/gamey/play [medium_bot 7 mid]	1775320140703	1775320140708	OK	 
REQUEST		POST /api/gamey/play [medium_bot 7 late]	1775320140752	1775320140760	OK	 
USER	medium_bot	END	1775320140760
USER	random_bot	START	1775320140825
USER	beginner_bot	START	1775320140827
REQUEST		POST /api/gamey/play [random_bot 5 early]	1775320140824	1775320140841	OK	 
REQUEST		POST /api/gamey/play [beginner_bot 5 early]	1775320140827	1775320140843	OK	 
REQUEST		POST /api/gamey/play [beginner_bot 7 late]	1775320140873	1775320140880	OK	 
USER	beginner_bot	END	1775320140881
REQUEST		POST /api/gamey/play [random_bot 7 mid]	1775320140885	1775320140891	OK	 
USER	random_bot	END	1775320140892
USER	beginner_bot	START	1775320141026
USER	random_bot	START	1775320141026
USER	medium_bot	START	1775320141029
REQUEST		POST /api/gamey/play [medium_bot 5 early]	1775320141028	1775320141050	OK	 
REQUEST		POST /api/gamey/play [random_bot 5 early]	1775320141025	1775320141054	OK	 
REQUEST		POST /api/gamey/play [random_bot 7 mid]	1775320141054	1775320141084	OK	 
USER	random_bot	END	1775320141085
REQUEST		POST /api/gamey/play [beginner_bot 5 early]	1775320141025	1775320141085	OK	 
REQUEST		POST /api/gamey/play [beginner_bot 7 late]	1775320141052	1775320141086	OK	 
USER	beginner_bot	END	1775320141086
REQUEST		POST /api/gamey/play [medium_bot 7 mid]	1775320141063	1775320141096	OK	 
REQUEST		POST /api/gamey/play [medium_bot 7 late]	1775320141066	1775320141101	OK	 
USER	medium_bot	END	1775320141102
USER	random_bot	START	1775320141225
USER	beginner_bot	START	1775320141225
REQUEST		POST /api/gamey/play [beginner_bot 5 early]	1775320141224	1775320141239	OK	 
REQUEST		POST /api/gamey/play [random_bot 5 early]	1775320141225	1775320141240	OK	 
REQUEST		POST /api/gamey/play [random_bot 7 mid]	1775320141244	1775320141253	OK	 
USER	random_bot	END	1775320141255
REQUEST		POST /api/gamey/play [beginner_bot 7 late]	1775320141244	1775320141256	OK	 
USER	beginner_bot	END	1775320141257
USER	medium_bot	START	1775320141360
REQUEST		POST /api/gamey/play [medium_bot 5 early]	1775320141359	1775320141372	OK	 
REQUEST		POST /api/gamey/play [medium_bot 7 mid]	1775320141378	1775320141386	OK	 
REQUEST		POST /api/gamey/play [medium_bot 7 late]	1775320141387	1775320141394	OK	 
USER	medium_bot	END	1775320141396
USER	beginner_bot	START	1775320141424
USER	random_bot	START	1775320141427
REQUEST		POST /api/gamey/play [beginner_bot 5 early]	1775320141423	1775320141438	OK	 
REQUEST		POST /api/gamey/play [random_bot 5 early]	1775320141426	1775320141438	OK	 
REQUEST		POST /api/gamey/play [beginner_bot 7 late]	1775320141442	1775320141450	OK	 
USER	beginner_bot	END	1775320141452
REQUEST		POST /api/gamey/play [random_bot 7 mid]	1775320141443	1775320141454	OK	 
USER	random_bot	END	1775320141455
USER	beginner_bot	START	1775320141625
USER	random_bot	START	1775320141626
REQUEST		POST /api/gamey/play [beginner_bot 5 early]	1775320141624	1775320141641	OK	 
REQUEST		POST /api/gamey/play [random_bot 5 early]	1775320141625	1775320141642	OK	 
REQUEST		POST /api/gamey/play [beginner_bot 7 late]	1775320141639	1775320141647	OK	 
USER	beginner_bot	END	1775320141648
REQUEST		POST /api/gamey/play [random_bot 7 mid]	1775320141638	1775320141654	OK	 
USER	random_bot	END	1775320141655
USER	medium_bot	START	1775320141692
REQUEST		POST /api/gamey/play [medium_bot 5 early]	1775320141690	1775320141708	OK	 
REQUEST		POST /api/gamey/play [medium_bot 7 late]	1775320141710	1775320141722	OK	 
REQUEST		POST /api/gamey/play [medium_bot 7 mid]	1775320141706	1775320141723	OK	 
USER	medium_bot	END	1775320141725
USER	random_bot	START	1775320141840
USER	beginner_bot	START	1775320141848
REQUEST		POST /api/gamey/play [random_bot 7 mid]	1775320141852	1775320141865	OK	 
USER	random_bot	END	1775320141878
REQUEST		POST /api/gamey/play [random_bot 5 early]	1775320141839	1775320141882	OK	 
REQUEST		POST /api/gamey/play [beginner_bot 5 early]	1775320141847	1775320141891	OK	 
REQUEST		POST /api/gamey/play [beginner_bot 7 late]	1775320141883	1775320141892	OK	 
USER	beginner_bot	END	1775320141894
USER	beginner_bot	START	1775320142027
USER	medium_bot	START	1775320142028
USER	random_bot	START	1775320142030
REQUEST		POST /api/gamey/play [medium_bot 5 early]	1775320142024	1775320142050	OK	 
REQUEST		POST /api/gamey/play [random_bot 5 early]	1775320142028	1775320142052	OK	 
REQUEST		POST /api/gamey/play [beginner_bot 5 early]	1775320142025	1775320142052	OK	 
REQUEST		POST /api/gamey/play [medium_bot 7 mid]	1775320142054	1775320142065	OK	 
REQUEST		POST /api/gamey/play [random_bot 7 mid]	1775320142058	1775320142065	OK	 
USER	random_bot	END	1775320142066
REQUEST		POST /api/gamey/play [beginner_bot 7 late]	1775320142088	1775320142095	OK	 
USER	beginner_bot	END	1775320142096
REQUEST		POST /api/gamey/play [medium_bot 7 late]	1775320142098	1775320142105	OK	 
USER	medium_bot	END	1775320142106
USER	beginner_bot	START	1775320142225
USER	random_bot	START	1775320142225
REQUEST		POST /api/gamey/play [beginner_bot 5 early]	1775320142224	1775320142238	OK	 
REQUEST		POST /api/gamey/play [random_bot 5 early]	1775320142224	1775320142239	OK	 
REQUEST		POST /api/gamey/play [beginner_bot 7 late]	1775320142240	1775320142246	OK	 
USER	beginner_bot	END	1775320142247
REQUEST		POST /api/gamey/play [random_bot 7 mid]	1775320142242	1775320142247	OK	 
USER	random_bot	END	1775320142248
USER	medium_bot	START	1775320142358
REQUEST		POST /api/gamey/play [medium_bot 5 early]	1775320142357	1775320142369	OK	 
REQUEST		POST /api/gamey/play [medium_bot 7 mid]	1775320142376	1775320142382	OK	 
REQUEST		POST /api/gamey/play [medium_bot 7 late]	1775320142387	1775320142394	OK	 
USER	medium_bot	END	1775320142394
USER	beginner_bot	START	1775320142426
USER	random_bot	START	1775320142427
REQUEST		POST /api/gamey/play [beginner_bot 5 early]	1775320142424	1775320142442	OK	 
REQUEST		POST /api/gamey/play [random_bot 5 early]	1775320142424	1775320142443	OK	 
REQUEST		POST /api/gamey/play [beginner_bot 7 late]	1775320142440	1775320142449	OK	 
REQUEST		POST /api/gamey/play [random_bot 7 mid]	1775320142440	1775320142450	OK	 
USER	beginner_bot	END	1775320142450
USER	random_bot	END	1775320142450
USER	random_bot	START	1775320142625
USER	beginner_bot	START	1775320142625
REQUEST		POST /api/gamey/play [random_bot 5 early]	1775320142624	1775320142642	OK	 
REQUEST		POST /api/gamey/play [beginner_bot 5 early]	1775320142624	1775320142643	OK	 
REQUEST		POST /api/gamey/play [beginner_bot 7 late]	1775320142642	1775320142651	OK	 
USER	beginner_bot	END	1775320142655
REQUEST		POST /api/gamey/play [random_bot 7 mid]	1775320142644	1775320142656	OK	 
USER	random_bot	END	1775320142657
USER	medium_bot	START	1775320142691
REQUEST		POST /api/gamey/play [medium_bot 5 early]	1775320142689	1775320142710	OK	 
REQUEST		POST /api/gamey/play [medium_bot 7 mid]	1775320142716	1775320142722	OK	 
REQUEST		POST /api/gamey/play [medium_bot 7 late]	1775320142726	1775320142732	OK	 
USER	medium_bot	END	1775320142733
USER	random_bot	START	1775320142825
USER	beginner_bot	START	1775320142825
REQUEST		POST /api/gamey/play [beginner_bot 5 early]	1775320142824	1775320142835	OK	 
REQUEST		POST /api/gamey/play [random_bot 5 early]	1775320142824	1775320142836	OK	 
REQUEST		POST /api/gamey/play [random_bot 7 mid]	1775320142885	1775320142892	OK	 
USER	random_bot	END	1775320142893
REQUEST		POST /api/gamey/play [beginner_bot 7 late]	1775320142894	1775320142900	OK	 
USER	beginner_bot	END	1775320142901
USER	beginner_bot	START	1775320143024
USER	medium_bot	START	1775320143028
USER	random_bot	START	1775320143031
REQUEST		POST /api/gamey/play [beginner_bot 5 early]	1775320143023	1775320143042	OK	 
REQUEST		POST /api/gamey/play [medium_bot 5 early]	1775320143025	1775320143044	OK	 
REQUEST		POST /api/gamey/play [random_bot 5 early]	1775320143026	1775320143045	OK	 
REQUEST		POST /api/gamey/play [medium_bot 7 mid]	1775320143052	1775320143060	OK	 
REQUEST		POST /api/gamey/play [random_bot 7 mid]	1775320143053	1775320143062	OK	 
USER	random_bot	END	1775320143063
REQUEST		POST /api/gamey/play [beginner_bot 7 late]	1775320143055	1775320143065	OK	 
USER	beginner_bot	END	1775320143066
REQUEST		POST /api/gamey/play [medium_bot 7 late]	1775320143067	1775320143074	OK	 
USER	medium_bot	END	1775320143075
USER	random_bot	START	1775320143224
USER	beginner_bot	START	1775320143226
REQUEST		POST /api/gamey/play [random_bot 5 early]	1775320143223	1775320143240	OK	 
REQUEST		POST /api/gamey/play [beginner_bot 5 early]	1775320143225	1775320143242	OK	 
REQUEST		POST /api/gamey/play [random_bot 7 mid]	1775320143243	1775320143258	OK	 
USER	random_bot	END	1775320143259
REQUEST		POST /api/gamey/play [beginner_bot 7 late]	1775320143241	1775320143278	OK	 
USER	beginner_bot	END	1775320143279
USER	medium_bot	START	1775320143359
REQUEST		POST /api/gamey/play [medium_bot 5 early]	1775320143358	1775320143374	OK	 
REQUEST		POST /api/gamey/play [medium_bot 7 mid]	1775320143371	1775320143376	OK	 
REQUEST		POST /api/gamey/play [medium_bot 7 late]	1775320143383	1775320143388	OK	 
USER	medium_bot	END	1775320143389
USER	beginner_bot	START	1775320143424
USER	random_bot	START	1775320143424
REQUEST		POST /api/gamey/play [random_bot 5 early]	1775320143423	1775320143434	OK	 
REQUEST		POST /api/gamey/play [beginner_bot 5 early]	1775320143423	1775320143435	OK	 
REQUEST		POST /api/gamey/play [beginner_bot 7 late]	1775320143443	1775320143449	OK	 
USER	beginner_bot	END	1775320143450
REQUEST		POST /api/gamey/play [random_bot 7 mid]	1775320143445	1775320143450	OK	 
USER	random_bot	END	1775320143451
USER	random_bot	START	1775320143624
USER	beginner_bot	START	1775320143626
REQUEST		POST /api/gamey/play [beginner_bot 5 early]	1775320143623	1775320143638	OK	 
REQUEST		POST /api/gamey/play [random_bot 5 early]	1775320143623	1775320143640	OK	 
REQUEST		POST /api/gamey/play [random_bot 7 mid]	1775320143643	1775320143650	OK	 
USER	random_bot	END	1775320143650
REQUEST		POST /api/gamey/play [beginner_bot 7 late]	1775320143644	1775320143652	OK	 
USER	beginner_bot	END	1775320143652
USER	medium_bot	START	1775320143690
REQUEST		POST /api/gamey/play [medium_bot 5 early]	1775320143689	1775320143700	OK	 
REQUEST		POST /api/gamey/play [medium_bot 7 mid]	1775320143712	1775320143719	OK	 
REQUEST		POST /api/gamey/play [medium_bot 7 late]	1775320143724	1775320143730	OK	 
USER	medium_bot	END	1775320143731
USER	random_bot	START	1775320143824
USER	beginner_bot	START	1775320143824
REQUEST		POST /api/gamey/play [random_bot 5 early]	1775320143823	1775320143836	OK	 
REQUEST		POST /api/gamey/play [beginner_bot 5 early]	1775320143824	1775320143838	OK	 
REQUEST		POST /api/gamey/play [random_bot 7 mid]	1775320143838	1775320143843	OK	 
USER	random_bot	END	1775320143844
REQUEST		POST /api/gamey/play [beginner_bot 7 late]	1775320143837	1775320143845	OK	 
USER	beginner_bot	END	1775320143846
USER	beginner_bot	START	1775320144025
USER	medium_bot	START	1775320144027
USER	random_bot	START	1775320144028
REQUEST		POST /api/gamey/play [medium_bot 7 mid]	1775320144060	1775320144076	OK	 
REQUEST		POST /api/gamey/play [beginner_bot 7 late]	1775320144057	1775320144078	OK	 
USER	beginner_bot	END	1775320144080
REQUEST		POST /api/gamey/play [random_bot 7 mid]	1775320144059	1775320144090	OK	 
REQUEST		POST /api/gamey/play [beginner_bot 5 early]	1775320144024	1775320144091	OK	 
USER	random_bot	END	1775320144091
REQUEST		POST /api/gamey/play [medium_bot 7 late]	1775320144070	1775320144100	OK	 
USER	medium_bot	END	1775320144102
REQUEST		POST /api/gamey/play [medium_bot 5 early]	1775320144026	1775320144106	OK	 
REQUEST		POST /api/gamey/play [random_bot 5 early]	1775320144027	1775320144108	OK	 
USER	random_bot	START	1775320144224
USER	beginner_bot	START	1775320144224
REQUEST		POST /api/gamey/play [beginner_bot 5 early]	1775320144223	1775320144235	OK	 
REQUEST		POST /api/gamey/play [random_bot 5 early]	1775320144223	1775320144237	OK	 
REQUEST		POST /api/gamey/play [random_bot 7 mid]	1775320144241	1775320144249	OK	 
USER	random_bot	END	1775320144250
REQUEST		POST /api/gamey/play [beginner_bot 7 late]	1775320144243	1775320144253	OK	 
USER	beginner_bot	END	1775320144254
USER	medium_bot	START	1775320144359
REQUEST		POST /api/gamey/play [medium_bot 5 early]	1775320144357	1775320144368	OK	 
REQUEST		POST /api/gamey/play [medium_bot 7 mid]	1775320144375	1775320144380	OK	 
REQUEST		POST /api/gamey/play [medium_bot 7 late]	1775320144377	1775320144383	OK	 
USER	medium_bot	END	1775320144384
USER	random_bot	START	1775320144426
USER	beginner_bot	START	1775320144426
REQUEST		POST /api/gamey/play [beginner_bot 5 early]	1775320144424	1775320144447	OK	 
REQUEST		POST /api/gamey/play [random_bot 5 early]	1775320144424	1775320144449	OK	 
REQUEST		POST /api/gamey/play [beginner_bot 7 late]	1775320144443	1775320144452	OK	 
USER	beginner_bot	END	1775320144454
REQUEST		POST /api/gamey/play [random_bot 7 mid]	1775320144440	1775320144459	OK	 
USER	random_bot	END	1775320144460
USER	random_bot	START	1775320144626
USER	beginner_bot	START	1775320144626
REQUEST		POST /api/gamey/play [random_bot 5 early]	1775320144624	1775320144643	OK	 
REQUEST		POST /api/gamey/play [beginner_bot 5 early]	1775320144624	1775320144645	OK	 
REQUEST		POST /api/gamey/play [random_bot 7 mid]	1775320144642	1775320144648	OK	 
USER	random_bot	END	1775320144650
REQUEST		POST /api/gamey/play [beginner_bot 7 late]	1775320144642	1775320144657	OK	 
USER	beginner_bot	END	1775320144658
USER	medium_bot	START	1775320144693
REQUEST		POST /api/gamey/play [medium_bot 5 early]	1775320144691	1775320144704	OK	 
REQUEST		POST /api/gamey/play [medium_bot 7 mid]	1775320144704	1775320144710	OK	 
REQUEST		POST /api/gamey/play [medium_bot 7 late]	1775320144720	1775320144725	OK	 
USER	medium_bot	END	1775320144726
USER	beginner_bot	START	1775320144827
USER	random_bot	START	1775320144829
REQUEST		POST /api/gamey/play [beginner_bot 5 early]	1775320144825	1775320144852	OK	 
REQUEST		POST /api/gamey/play [random_bot 7 mid]	1775320144837	1775320144855	OK	 
REQUEST		POST /api/gamey/play [random_bot 5 early]	1775320144828	1775320144856	OK	 
USER	random_bot	END	1775320144858
REQUEST		POST /api/gamey/play [beginner_bot 7 late]	1775320144851	1775320144861	OK	 
USER	beginner_bot	END	1775320144862
USER	random_bot	START	1775320145026
USER	medium_bot	START	1775320145026
USER	beginner_bot	START	1775320145039
REQUEST		POST /api/gamey/play [random_bot 5 early]	1775320145024	1775320145048	OK	 
REQUEST		POST /api/gamey/play [medium_bot 5 early]	1775320145025	1775320145050	OK	 
REQUEST		POST /api/gamey/play [beginner_bot 5 early]	1775320145030	1775320145060	OK	 
REQUEST		POST /api/gamey/play [medium_bot 7 late]	1775320145078	1775320145084	OK	 
USER	medium_bot	END	1775320145085
REQUEST		POST /api/gamey/play [beginner_bot 7 late]	1775320145092	1775320145097	OK	 
USER	beginner_bot	END	1775320145098
REQUEST		POST /api/gamey/play [medium_bot 7 mid]	1775320145107	1775320145113	OK	 
REQUEST		POST /api/gamey/play [random_bot 7 mid]	1775320145110	1775320145116	OK	 
USER	random_bot	END	1775320145117
USER	beginner_bot	START	1775320145225
USER	random_bot	START	1775320145225
REQUEST		POST /api/gamey/play [beginner_bot 5 early]	1775320145224	1775320145240	OK	 
REQUEST		POST /api/gamey/play [random_bot 5 early]	1775320145223	1775320145243	OK	 
REQUEST		POST /api/gamey/play [beginner_bot 7 late]	1775320145239	1775320145246	OK	 
USER	beginner_bot	END	1775320145247
REQUEST		POST /api/gamey/play [random_bot 7 mid]	1775320145238	1775320145252	OK	 
USER	random_bot	END	1775320145254
USER	medium_bot	START	1775320145358
REQUEST		POST /api/gamey/play [medium_bot 5 early]	1775320145357	1775320145384	OK	 
REQUEST		POST /api/gamey/play [medium_bot 7 mid]	1775320145372	1775320145385	OK	 
REQUEST		POST /api/gamey/play [medium_bot 7 late]	1775320145382	1775320145391	OK	 
USER	medium_bot	END	1775320145393
USER	beginner_bot	START	1775320145424
USER	random_bot	START	1775320145425
REQUEST		POST /api/gamey/play [beginner_bot 5 early]	1775320145424	1775320145447	OK	 
REQUEST		POST /api/gamey/play [random_bot 5 early]	1775320145423	1775320145447	OK	 
REQUEST		POST /api/gamey/play [beginner_bot 7 late]	1775320145449	1775320145456	OK	 
USER	beginner_bot	END	1775320145457
REQUEST		POST /api/gamey/play [random_bot 7 mid]	1775320145454	1775320145462	OK	 
USER	random_bot	END	1775320145463
USER	random_bot	START	1775320145626
USER	beginner_bot	START	1775320145627
REQUEST		POST /api/gamey/play [beginner_bot 5 early]	1775320145625	1775320145644	OK	 
REQUEST		POST /api/gamey/play [random_bot 5 early]	1775320145623	1775320145644	OK	 
REQUEST		POST /api/gamey/play [beginner_bot 7 late]	1775320145646	1775320145655	OK	 
REQUEST		POST /api/gamey/play [random_bot 7 mid]	1775320145645	1775320145655	OK	 
USER	beginner_bot	END	1775320145656
USER	random_bot	END	1775320145656
USER	medium_bot	START	1775320145693
REQUEST		POST /api/gamey/play [medium_bot 5 early]	1775320145690	1775320145704	OK	 
REQUEST		POST /api/gamey/play [medium_bot 7 mid]	1775320145706	1775320145712	OK	 
REQUEST		POST /api/gamey/play [medium_bot 7 late]	1775320145711	1775320145717	OK	 
USER	medium_bot	END	1775320145720
USER	beginner_bot	START	1775320145826
USER	random_bot	START	1775320145829
REQUEST		POST /api/gamey/play [beginner_bot 5 early]	1775320145824	1775320145850	OK	 
REQUEST		POST /api/gamey/play [random_bot 5 early]	1775320145828	1775320145851	OK	 
REQUEST		POST /api/gamey/play [beginner_bot 7 late]	1775320145854	1775320145866	OK	 
USER	beginner_bot	END	1775320145867
REQUEST		POST /api/gamey/play [random_bot 7 mid]	1775320145861	1775320145868	OK	 
USER	random_bot	END	1775320145871
USER	random_bot	START	1775320146025
USER	beginner_bot	START	1775320146030
USER	medium_bot	START	1775320146035
REQUEST		POST /api/gamey/play [random_bot 5 early]	1775320146023	1775320146051	OK	 
REQUEST		POST /api/gamey/play [beginner_bot 5 early]	1775320146025	1775320146053	OK	 
REQUEST		POST /api/gamey/play [medium_bot 5 early]	1775320146029	1775320146057	OK	 
REQUEST		POST /api/gamey/play [random_bot 7 mid]	1775320146049	1775320146063	OK	 
USER	random_bot	END	1775320146064
REQUEST		POST /api/gamey/play [medium_bot 7 mid]	1775320146051	1775320146065	OK	 
REQUEST		POST /api/gamey/play [beginner_bot 7 late]	1775320146061	1775320146069	OK	 
USER	beginner_bot	END	1775320146070
REQUEST		POST /api/gamey/play [medium_bot 7 late]	1775320146116	1775320146124	OK	 
USER	medium_bot	END	1775320146126
USER	random_bot	START	1775320146226
USER	beginner_bot	START	1775320146231
REQUEST		POST /api/gamey/play [random_bot 5 early]	1775320146223	1775320146260	OK	 
REQUEST		POST /api/gamey/play [beginner_bot 5 early]	1775320146228	1775320146260	OK	 
REQUEST		POST /api/gamey/play [random_bot 7 mid]	1775320146259	1775320146268	OK	 
REQUEST		POST /api/gamey/play [beginner_bot 7 late]	1775320146259	1775320146268	OK	 
USER	random_bot	END	1775320146269
USER	beginner_bot	END	1775320146269
USER	medium_bot	START	1775320146359
REQUEST		POST /api/gamey/play [medium_bot 5 early]	1775320146356	1775320146383	OK	 
REQUEST		POST /api/gamey/play [medium_bot 7 late]	1775320146388	1775320146413	OK	 
REQUEST		POST /api/gamey/play [medium_bot 7 mid]	1775320146388	1775320146413	OK	 
USER	medium_bot	END	1775320146414
USER	random_bot	START	1775320146424
USER	beginner_bot	START	1775320146427
REQUEST		POST /api/gamey/play [beginner_bot 5 early]	1775320146425	1775320146448	OK	 
REQUEST		POST /api/gamey/play [random_bot 5 early]	1775320146423	1775320146448	OK	 
REQUEST		POST /api/gamey/play [random_bot 7 mid]	1775320146449	1775320146457	OK	 
USER	random_bot	END	1775320146458
REQUEST		POST /api/gamey/play [beginner_bot 7 late]	1775320146449	1775320146463	OK	 
USER	beginner_bot	END	1775320146464
USER	beginner_bot	START	1775320146625
USER	random_bot	START	1775320146625
REQUEST		POST /api/gamey/play [beginner_bot 5 early]	1775320146623	1775320146639	OK	 
REQUEST		POST /api/gamey/play [random_bot 5 early]	1775320146623	1775320146640	OK	 
REQUEST		POST /api/gamey/play [random_bot 7 mid]	1775320146646	1775320146656	OK	 
REQUEST		POST /api/gamey/play [beginner_bot 7 late]	1775320146645	1775320146656	OK	 
USER	random_bot	END	1775320146657
USER	beginner_bot	END	1775320146657
USER	medium_bot	START	1775320146690
REQUEST		POST /api/gamey/play [medium_bot 5 early]	1775320146689	1775320146698	OK	 
REQUEST		POST /api/gamey/play [medium_bot 7 mid]	1775320146705	1775320146710	OK	 
REQUEST		POST /api/gamey/play [medium_bot 7 late]	1775320146713	1775320146717	OK	 
USER	medium_bot	END	1775320146718
USER	beginner_bot	START	1775320146826
USER	random_bot	START	1775320146826
REQUEST		POST /api/gamey/play [random_bot 5 early]	1775320146824	1775320146837	OK	 
REQUEST		POST /api/gamey/play [beginner_bot 5 early]	1775320146825	1775320146841	OK	 
REQUEST		POST /api/gamey/play [beginner_bot 7 late]	1775320146851	1775320146859	OK	 
REQUEST		POST /api/gamey/play [random_bot 7 mid]	1775320146853	1775320146860	OK	 
USER	beginner_bot	END	1775320146861
USER	random_bot	END	1775320146861
USER	medium_bot	START	1775320147025
USER	random_bot	START	1775320147028
USER	beginner_bot	START	1775320147030
REQUEST		POST /api/gamey/play [beginner_bot 7 late]	1775320147058	1775320147076	OK	 
REQUEST		POST /api/gamey/play [random_bot 7 mid]	1775320147057	1775320147078	OK	 
USER	beginner_bot	END	1775320147078
USER	random_bot	END	1775320147079
REQUEST		POST /api/gamey/play [random_bot 5 early]	1775320147027	1775320147081	OK	 
REQUEST		POST /api/gamey/play [medium_bot 7 mid]	1775320147063	1775320147096	OK	 
REQUEST		POST /api/gamey/play [medium_bot 7 late]	1775320147069	1775320147097	OK	 
USER	medium_bot	END	1775320147098
REQUEST		POST /api/gamey/play [beginner_bot 5 early]	1775320147028	1775320147098	OK	 
REQUEST		POST /api/gamey/play [medium_bot 5 early]	1775320147024	1775320147098	OK	 
USER	random_bot	START	1775320147228
USER	beginner_bot	START	1775320147228
REQUEST		POST /api/gamey/play [beginner_bot 5 early]	1775320147224	1775320147244	OK	 
REQUEST		POST /api/gamey/play [random_bot 5 early]	1775320147224	1775320147244	OK	 
REQUEST		POST /api/gamey/play [random_bot 7 mid]	1775320147262	1775320147275	OK	 
USER	random_bot	END	1775320147276
REQUEST		POST /api/gamey/play [beginner_bot 7 late]	1775320147262	1775320147278	OK	 
USER	beginner_bot	END	1775320147279
USER	medium_bot	START	1775320147361
REQUEST		POST /api/gamey/play [medium_bot 5 early]	1775320147357	1775320147372	OK	 
REQUEST		POST /api/gamey/play [medium_bot 7 mid]	1775320147385	1775320147391	OK	 
REQUEST		POST /api/gamey/play [medium_bot 7 late]	1775320147415	1775320147423	OK	 
USER	medium_bot	END	1775320147425
USER	random_bot	START	1775320147431
REQUEST		POST /api/gamey/play [random_bot 5 early]	1775320147425	1775320147447	OK	 
REQUEST		POST /api/gamey/play [beginner_bot 7 late]	1775320147450	1775320147459	OK	 
USER	beginner_bot	END	1775320147460
REQUEST		POST /api/gamey/play [random_bot 7 mid]	1775320147450	1775320147461	OK	 
USER	random_bot	END	1775320147462
USER	beginner_bot	START	1775320147465
REQUEST		POST /api/gamey/play [beginner_bot 5 early]	1775320147436	1775320147476	OK	 
REQUEST		POST /api/gamey/play [random_bot 7 mid]	1775320147645	1775320147674	OK	 
REQUEST		POST /api/gamey/play [beginner_bot 7 late]	1775320147642	1775320147674	OK	 
USER	beginner_bot	END	1775320147676
USER	random_bot	END	1775320147676
USER	beginner_bot	START	1775320147713
USER	random_bot	START	1775320147728
REQUEST		POST /api/gamey/play [medium_bot 7 mid]	1775320147706	1775320147733	OK	 
REQUEST		POST /api/gamey/play [medium_bot 7 late]	1775320147739	1775320147746	OK	 
USER	medium_bot	END	1775320147747
USER	medium_bot	START	1775320147752
REQUEST		POST /api/gamey/play [random_bot 5 early]	1775320147638	1775320147761	OK	 
REQUEST		POST /api/gamey/play [beginner_bot 5 early]	1775320147639	1775320147764	OK	 
REQUEST		POST /api/gamey/play [medium_bot 5 early]	1775320147707	1775320147768	OK	 
USER	beginner_bot	START	1775320147828
USER	random_bot	START	1775320147828
REQUEST		POST /api/gamey/play [beginner_bot 5 early]	1775320147824	1775320147837	OK	 
REQUEST		POST /api/gamey/play [random_bot 5 early]	1775320147827	1775320147838	OK	 
REQUEST		POST /api/gamey/play [random_bot 7 mid]	1775320147838	1775320147844	OK	 
USER	random_bot	END	1775320147845
REQUEST		POST /api/gamey/play [beginner_bot 7 late]	1775320147842	1775320147848	OK	 
USER	beginner_bot	END	1775320147849
USER	beginner_bot	START	1775320148030
USER	medium_bot	START	1775320148030
USER	random_bot	START	1775320148031
REQUEST		POST /api/gamey/play [medium_bot 5 early]	1775320148026	1775320148042	OK	 
REQUEST		POST /api/gamey/play [beginner_bot 5 early]	1775320148027	1775320148049	OK	 
REQUEST		POST /api/gamey/play [random_bot 5 early]	1775320148030	1775320148050	OK	 
REQUEST		POST /api/gamey/play [random_bot 7 mid]	1775320148083	1775320148092	OK	 
USER	random_bot	END	1775320148093
REQUEST		POST /api/gamey/play [medium_bot 7 late]	1775320148097	1775320148102	OK	 
USER	medium_bot	END	1775320148103
REQUEST		POST /api/gamey/play [medium_bot 7 mid]	1775320148100	1775320148108	OK	 
REQUEST		POST /api/gamey/play [beginner_bot 7 late]	1775320148100	1775320148108	OK	 
USER	beginner_bot	END	1775320148109
USER	beginner_bot	START	1775320148226
USER	random_bot	START	1775320148226
REQUEST		POST /api/gamey/play [random_bot 5 early]	1775320148225	1775320148242	OK	 
REQUEST		POST /api/gamey/play [beginner_bot 5 early]	1775320148225	1775320148243	OK	 
REQUEST		POST /api/gamey/play [random_bot 7 mid]	1775320148247	1775320148256	OK	 
USER	random_bot	END	1775320148258
REQUEST		POST /api/gamey/play [beginner_bot 7 late]	1775320148247	1775320148269	OK	 
USER	beginner_bot	END	1775320148270
USER	medium_bot	START	1775320148357
REQUEST		POST /api/gamey/play [medium_bot 5 early]	1775320148356	1775320148368	OK	 
REQUEST		POST /api/gamey/play [medium_bot 7 mid]	1775320148374	1775320148379	OK	 
REQUEST		POST /api/gamey/play [medium_bot 7 late]	1775320148392	1775320148400	OK	 
USER	medium_bot	END	1775320148401
USER	random_bot	START	1775320148425
USER	beginner_bot	START	1775320148425
REQUEST		POST /api/gamey/play [random_bot 5 early]	1775320148424	1775320148440	OK	 
REQUEST		POST /api/gamey/play [beginner_bot 5 early]	1775320148424	1775320148440	OK	 
REQUEST		POST /api/gamey/play [random_bot 7 mid]	1775320148448	1775320148454	OK	 
USER	random_bot	END	1775320148455
REQUEST		POST /api/gamey/play [beginner_bot 7 late]	1775320148478	1775320148484	OK	 
USER	beginner_bot	END	1775320148487
USER	beginner_bot	START	1775320148625
USER	random_bot	START	1775320148626
REQUEST		POST /api/gamey/play [random_bot 5 early]	1775320148625	1775320148640	OK	 
REQUEST		POST /api/gamey/play [beginner_bot 5 early]	1775320148624	1775320148640	OK	 
USER	medium_bot	START	1775320148691
REQUEST		POST /api/gamey/play [medium_bot 5 early]	1775320148690	1775320148709	OK	 
REQUEST		POST /api/gamey/play [medium_bot 7 late]	1775320148734	1775320148761	OK	 
USER	medium_bot	END	1775320148764
REQUEST		POST /api/gamey/play [random_bot 7 mid]	1775320148769	1775320148782	OK	 
USER	random_bot	END	1775320148785
REQUEST		POST /api/gamey/play [medium_bot 7 mid]	1775320148776	1775320148786	OK	 
REQUEST		POST /api/gamey/play [beginner_bot 7 late]	1775320148771	1775320148786	OK	 
USER	beginner_bot	END	1775320148792
USER	beginner_bot	START	1775320148825
USER	random_bot	START	1775320148825
REQUEST		POST /api/gamey/play [random_bot 5 early]	1775320148825	1775320148835	OK	 
REQUEST		POST /api/gamey/play [beginner_bot 5 early]	1775320148823	1775320148836	OK	 
REQUEST		POST /api/gamey/play [beginner_bot 7 late]	1775320148839	1775320148846	OK	 
REQUEST		POST /api/gamey/play [random_bot 7 mid]	1775320148840	1775320148851	OK	 
USER	beginner_bot	END	1775320148851
USER	random_bot	END	1775320148854
USER	medium_bot	START	1775320149024
USER	random_bot	START	1775320149028
USER	beginner_bot	START	1775320149029
REQUEST		POST /api/gamey/play [beginner_bot 5 early]	1775320149029	1775320149111	OK	 
REQUEST		POST /api/gamey/play [medium_bot 7 mid]	1775320149079	1775320149113	OK	 
REQUEST		POST /api/gamey/play [medium_bot 5 early]	1775320149023	1775320149115	OK	 
REQUEST		POST /api/gamey/play [random_bot 5 early]	1775320149027	1775320149117	OK	 
REQUEST		POST /api/gamey/play [beginner_bot 7 late]	1775320149079	1775320149117	OK	 
REQUEST		POST /api/gamey/play [random_bot 7 mid]	1775320149077	1775320149117	OK	 
USER	beginner_bot	END	1775320149119
USER	random_bot	END	1775320149119
REQUEST		POST /api/gamey/play [medium_bot 7 late]	1775320149109	1775320149124	OK	 
USER	medium_bot	END	1775320149125
USER	beginner_bot	START	1775320149225
USER	random_bot	START	1775320149225
REQUEST		POST /api/gamey/play [beginner_bot 5 early]	1775320149224	1775320149235	OK	 
REQUEST		POST /api/gamey/play [random_bot 5 early]	1775320149224	1775320149236	OK	 
REQUEST		POST /api/gamey/play [random_bot 7 mid]	1775320149244	1775320149250	OK	 
USER	random_bot	END	1775320149251
REQUEST		POST /api/gamey/play [beginner_bot 7 late]	1775320149244	1775320149251	OK	 
USER	beginner_bot	END	1775320149252
USER	medium_bot	START	1775320149358
REQUEST		POST /api/gamey/play [medium_bot 5 early]	1775320149356	1775320149367	OK	 
REQUEST		POST /api/gamey/play [medium_bot 7 mid]	1775320149370	1775320149375	OK	 
REQUEST		POST /api/gamey/play [medium_bot 7 late]	1775320149380	1775320149385	OK	 
USER	medium_bot	END	1775320149386
USER	beginner_bot	START	1775320149426
USER	random_bot	START	1775320149428
REQUEST		POST /api/gamey/play [beginner_bot 5 early]	1775320149424	1775320149438	OK	 
REQUEST		POST /api/gamey/play [random_bot 5 early]	1775320149427	1775320149438	OK	 
REQUEST		POST /api/gamey/play [beginner_bot 7 late]	1775320149442	1775320149448	OK	 
REQUEST		POST /api/gamey/play [random_bot 7 mid]	1775320149442	1775320149449	OK	 
USER	beginner_bot	END	1775320149449
USER	random_bot	END	1775320149449
USER	beginner_bot	START	1775320149623
USER	random_bot	START	1775320149626
REQUEST		POST /api/gamey/play [beginner_bot 5 early]	1775320149622	1775320149649	OK	 
REQUEST		POST /api/gamey/play [random_bot 5 early]	1775320149626	1775320149649	OK	 
REQUEST		POST /api/gamey/play [random_bot 7 mid]	1775320149642	1775320149651	OK	 
USER	random_bot	END	1775320149652
REQUEST		POST /api/gamey/play [beginner_bot 7 late]	1775320149643	1775320149655	OK	 
USER	beginner_bot	END	1775320149656
USER	medium_bot	START	1775320149690
REQUEST		POST /api/gamey/play [medium_bot 5 early]	1775320149689	1775320149699	OK	 
REQUEST		POST /api/gamey/play [medium_bot 7 mid]	1775320149710	1775320149716	OK	 
REQUEST		POST /api/gamey/play [medium_bot 7 late]	1775320149788	1775320149795	OK	 
USER	medium_bot	END	1775320149796
USER	beginner_bot	START	1775320149823
USER	random_bot	START	1775320149824
REQUEST		POST /api/gamey/play [beginner_bot 5 early]	1775320149823	1775320149848	OK	 
REQUEST		POST /api/gamey/play [random_bot 5 early]	1775320149824	1775320149851	OK	 
REQUEST		POST /api/gamey/play [beginner_bot 7 late]	1775320149839	1775320149850	OK	 
USER	beginner_bot	END	1775320149851
REQUEST		POST /api/gamey/play [random_bot 7 mid]	1775320149847	1775320149862	OK	 
USER	random_bot	END	1775320149863
USER	medium_bot	START	1775320150024
USER	beginner_bot	START	1775320150024
USER	random_bot	START	1775320150026
REQUEST		POST /api/gamey/play [medium_bot 5 early]	1775320150023	1775320150038	OK	 
REQUEST		POST /api/gamey/play [beginner_bot 5 early]	1775320150023	1775320150040	OK	 
REQUEST		POST /api/gamey/play [random_bot 5 early]	1775320150026	1775320150041	OK	 
REQUEST		POST /api/gamey/play [beginner_bot 7 late]	1775320150112	1775320150126	OK	 
USER	beginner_bot	END	1775320150129
REQUEST		POST /api/gamey/play [random_bot 7 mid]	1775320150123	1775320150134	OK	 
REQUEST		POST /api/gamey/play [medium_bot 7 late]	1775320150119	1775320150135	OK	 
USER	random_bot	END	1775320150135
USER	medium_bot	END	1775320150135
REQUEST		POST /api/gamey/play [medium_bot 7 mid]	1775320150122	1775320150151	OK	 
USER	beginner_bot	START	1775320150223
USER	random_bot	START	1775320150224
REQUEST		POST /api/gamey/play [random_bot 5 early]	1775320150223	1775320150235	OK	 
REQUEST		POST /api/gamey/play [beginner_bot 5 early]	1775320150223	1775320150235	OK	 
REQUEST		POST /api/gamey/play [beginner_bot 7 late]	1775320150236	1775320150243	OK	 
USER	beginner_bot	END	1775320150243
REQUEST		POST /api/gamey/play [random_bot 7 mid]	1775320150237	1775320150246	OK	 
USER	random_bot	END	1775320150246
USER	medium_bot	START	1775320150357
REQUEST		POST /api/gamey/play [medium_bot 5 early]	1775320150356	1775320150367	OK	 
REQUEST		POST /api/gamey/play [medium_bot 7 mid]	1775320150367	1775320150373	OK	 
REQUEST		POST /api/gamey/play [medium_bot 7 late]	1775320150376	1775320150382	OK	 
USER	medium_bot	END	1775320150383
USER	beginner_bot	START	1775320150424
USER	random_bot	START	1775320150424
REQUEST		POST /api/gamey/play [random_bot 5 early]	1775320150423	1775320150439	OK	 
REQUEST		POST /api/gamey/play [beginner_bot 5 early]	1775320150423	1775320150439	OK	 
REQUEST		POST /api/gamey/play [random_bot 7 mid]	1775320150440	1775320150446	OK	 
USER	random_bot	END	1775320150447
REQUEST		POST /api/gamey/play [beginner_bot 7 late]	1775320150440	1775320150449	OK	 
USER	beginner_bot	END	1775320150450
USER	random_bot	START	1775320150625
USER	beginner_bot	START	1775320150626
REQUEST		POST /api/gamey/play [beginner_bot 5 early]	1775320150625	1775320150644	OK	 
REQUEST		POST /api/gamey/play [random_bot 5 early]	1775320150624	1775320150645	OK	 
REQUEST		POST /api/gamey/play [random_bot 7 mid]	1775320150650	1775320150659	OK	 
REQUEST		POST /api/gamey/play [beginner_bot 7 late]	1775320150651	1775320150661	OK	 
USER	random_bot	END	1775320150664
USER	beginner_bot	END	1775320150664
USER	medium_bot	START	1775320150690
REQUEST		POST /api/gamey/play [medium_bot 5 early]	1775320150689	1775320150699	OK	 
REQUEST		POST /api/gamey/play [medium_bot 7 mid]	1775320150701	1775320150706	OK	 
REQUEST		POST /api/gamey/play [medium_bot 7 late]	1775320150716	1775320150722	OK	 
USER	medium_bot	END	1775320150723
USER	random_bot	START	1775320150825
USER	beginner_bot	START	1775320150835
REQUEST		POST /api/gamey/play [random_bot 5 early]	1775320150824	1775320150847	OK	 
REQUEST		POST /api/gamey/play [beginner_bot 5 early]	1775320150824	1775320150855	OK	 
REQUEST		POST /api/gamey/play [beginner_bot 7 late]	1775320150850	1775320150857	OK	 
USER	beginner_bot	END	1775320150858
REQUEST		POST /api/gamey/play [random_bot 7 mid]	1775320150853	1775320150863	OK	 
USER	random_bot	END	1775320150864
USER	random_bot	START	1775320151038
USER	beginner_bot	START	1775320151040
USER	medium_bot	START	1775320151043
REQUEST		POST /api/gamey/play [medium_bot 7 mid]	1775320151045	1775320151069	OK	 
REQUEST		POST /api/gamey/play [beginner_bot 7 late]	1775320151054	1775320151073	OK	 
REQUEST		POST /api/gamey/play [random_bot 7 mid]	1775320151056	1775320151073	OK	 
USER	beginner_bot	END	1775320151074
USER	random_bot	END	1775320151074
REQUEST		POST /api/gamey/play [random_bot 5 early]	1775320151037	1775320151090	OK	 
REQUEST		POST /api/gamey/play [beginner_bot 5 early]	1775320151038	1775320151092	OK	 
REQUEST		POST /api/gamey/play [medium_bot 5 early]	1775320151042	1775320151101	OK	 
REQUEST		POST /api/gamey/play [medium_bot 7 late]	1775320151152	1775320151159	OK	 
USER	medium_bot	END	1775320151160
USER	beginner_bot	START	1775320151224
USER	random_bot	START	1775320151227
REQUEST		POST /api/gamey/play [beginner_bot 5 early]	1775320151222	1775320151248	OK	 
REQUEST		POST /api/gamey/play [random_bot 5 early]	1775320151227	1775320151250	OK	 
REQUEST		POST /api/gamey/play [beginner_bot 7 late]	1775320151242	1775320151251	OK	 
USER	beginner_bot	END	1775320151252
REQUEST		POST /api/gamey/play [random_bot 7 mid]	1775320151237	1775320151252	OK	 
USER	random_bot	END	1775320151254
USER	medium_bot	START	1775320151358
REQUEST		POST /api/gamey/play [medium_bot 5 early]	1775320151357	1775320151395	OK	 
USER	random_bot	START	1775320151425
REQUEST		POST /api/gamey/play [medium_bot 7 late]	1775320151394	1775320151426	OK	 
USER	medium_bot	END	1775320151427
REQUEST		POST /api/gamey/play [medium_bot 7 mid]	1775320151394	1775320151428	OK	 
USER	beginner_bot	START	1775320151428
REQUEST		POST /api/gamey/play [random_bot 5 early]	1775320151424	1775320151436	OK	 
REQUEST		POST /api/gamey/play [beginner_bot 5 early]	1775320151427	1775320151436	OK	 
REQUEST		POST /api/gamey/play [beginner_bot 7 late]	1775320151440	1775320151447	OK	 
REQUEST		POST /api/gamey/play [random_bot 7 mid]	1775320151440	1775320151449	OK	 
USER	beginner_bot	END	1775320151448
USER	random_bot	END	1775320151449
USER	random_bot	START	1775320151625
USER	beginner_bot	START	1775320151629
REQUEST		POST /api/gamey/play [random_bot 5 early]	1775320151624	1775320151642	OK	 
REQUEST		POST /api/gamey/play [beginner_bot 5 early]	1775320151627	1775320151642	OK	 
REQUEST		POST /api/gamey/play [beginner_bot 7 late]	1775320151645	1775320151653	OK	 
USER	beginner_bot	END	1775320151654
REQUEST		POST /api/gamey/play [random_bot 7 mid]	1775320151647	1775320151656	OK	 
USER	random_bot	END	1775320151657
USER	medium_bot	START	1775320151691
REQUEST		POST /api/gamey/play [medium_bot 5 early]	1775320151690	1775320151705	OK	 
REQUEST		POST /api/gamey/play [medium_bot 7 mid]	1775320151701	1775320151712	OK	 
REQUEST		POST /api/gamey/play [medium_bot 7 late]	1775320151708	1775320151718	OK	 
USER	medium_bot	END	1775320151719
USER	random_bot	START	1775320151825
USER	beginner_bot	START	1775320151833
REQUEST		POST /api/gamey/play [random_bot 5 early]	1775320151824	1775320151867	OK	 
REQUEST		POST /api/gamey/play [random_bot 7 mid]	1775320151856	1775320151882	OK	 
REQUEST		POST /api/gamey/play [beginner_bot 7 late]	1775320151870	1775320151882	OK	 
USER	beginner_bot	END	1775320151885
USER	random_bot	END	1775320151885
REQUEST		POST /api/gamey/play [beginner_bot 5 early]	1775320151832	1775320151889	OK	 
USER	random_bot	START	1775320152024
USER	medium_bot	START	1775320152026
USER	beginner_bot	START	1775320152031
REQUEST		POST /api/gamey/play [medium_bot 5 early]	1775320152025	1775320152042	OK	 
REQUEST		POST /api/gamey/play [random_bot 5 early]	1775320152023	1775320152044	OK	 
REQUEST		POST /api/gamey/play [beginner_bot 5 early]	1775320152030	1775320152048	OK	 
REQUEST		POST /api/gamey/play [medium_bot 7 late]	1775320152074	1775320152080	OK	 
USER	medium_bot	END	1775320152081
REQUEST		POST /api/gamey/play [random_bot 7 mid]	1775320152091	1775320152098	OK	 
USER	random_bot	END	1775320152099
REQUEST		POST /api/gamey/play [beginner_bot 7 late]	1775320152095	1775320152100	OK	 
USER	beginner_bot	END	1775320152101
REQUEST		POST /api/gamey/play [medium_bot 7 mid]	1775320152103	1775320152109	OK	 
USER	random_bot	START	1775320152225
USER	beginner_bot	START	1775320152228
REQUEST		POST /api/gamey/play [random_bot 5 early]	1775320152224	1775320152264	OK	 
REQUEST		POST /api/gamey/play [random_bot 7 mid]	1775320152257	1775320152282	OK	 
REQUEST		POST /api/gamey/play [beginner_bot 5 early]	1775320152223	1775320152282	OK	 
USER	random_bot	END	1775320152283
REQUEST		POST /api/gamey/play [beginner_bot 7 late]	1775320152264	1775320152288	OK	 
USER	beginner_bot	END	1775320152288
USER	medium_bot	START	1775320152358
REQUEST		POST /api/gamey/play [medium_bot 5 early]	1775320152356	1775320152368	OK	 
REQUEST		POST /api/gamey/play [medium_bot 7 mid]	1775320152398	1775320152405	OK	 
USER	beginner_bot	START	1775320152424
USER	random_bot	START	1775320152425
REQUEST		POST /api/gamey/play [random_bot 5 early]	1775320152424	1775320152439	OK	 
REQUEST		POST /api/gamey/play [beginner_bot 5 early]	1775320152423	1775320152441	OK	 
REQUEST		POST /api/gamey/play [medium_bot 7 late]	1775320152430	1775320152442	OK	 
USER	medium_bot	END	1775320152443
REQUEST		POST /api/gamey/play [random_bot 7 mid]	1775320152438	1775320152451	OK	 
USER	random_bot	END	1775320152451
REQUEST		POST /api/gamey/play [beginner_bot 7 late]	1775320152437	1775320152452	OK	 
USER	beginner_bot	END	1775320152452
USER	beginner_bot	START	1775320152625
USER	random_bot	START	1775320152626
REQUEST		POST /api/gamey/play [beginner_bot 5 early]	1775320152624	1775320152643	OK	 
REQUEST		POST /api/gamey/play [random_bot 5 early]	1775320152624	1775320152644	OK	 
REQUEST		POST /api/gamey/play [random_bot 7 mid]	1775320152645	1775320152655	OK	 
REQUEST		POST /api/gamey/play [beginner_bot 7 late]	1775320152646	1775320152655	OK	 
USER	random_bot	END	1775320152656
USER	beginner_bot	END	1775320152656
USER	medium_bot	START	1775320152690
REQUEST		POST /api/gamey/play [medium_bot 5 early]	1775320152689	1775320152700	OK	 
REQUEST		POST /api/gamey/play [medium_bot 7 mid]	1775320152707	1775320152713	OK	 
REQUEST		POST /api/gamey/play [medium_bot 7 late]	1775320152714	1775320152718	OK	 
USER	medium_bot	END	1775320152719
USER	beginner_bot	START	1775320152824
USER	random_bot	START	1775320152828
REQUEST		POST /api/gamey/play [beginner_bot 5 early]	1775320152823	1775320152845	OK	 
REQUEST		POST /api/gamey/play [random_bot 5 early]	1775320152828	1775320152846	OK	 
REQUEST		POST /api/gamey/play [random_bot 7 mid]	1775320152868	1775320152874	OK	 
USER	random_bot	END	1775320152875
REQUEST		POST /api/gamey/play [beginner_bot 7 late]	1775320152890	1775320152896	OK	 
USER	beginner_bot	END	1775320152897
USER	beginner_bot	START	1775320153024
USER	medium_bot	START	1775320153024
USER	random_bot	START	1775320153028
REQUEST		POST /api/gamey/play [medium_bot 5 early]	1775320153023	1775320153049	OK	 
REQUEST		POST /api/gamey/play [random_bot 5 early]	1775320153028	1775320153051	OK	 
REQUEST		POST /api/gamey/play [beginner_bot 5 early]	1775320153023	1775320153051	OK	 
REQUEST		POST /api/gamey/play [medium_bot 7 mid]	1775320153044	1775320153058	OK	 
REQUEST		POST /api/gamey/play [random_bot 7 mid]	1775320153045	1775320153058	OK	 
USER	random_bot	END	1775320153060
REQUEST		POST /api/gamey/play [beginner_bot 7 late]	1775320153052	1775320153062	OK	 
USER	beginner_bot	END	1775320153062
REQUEST		POST /api/gamey/play [medium_bot 7 late]	1775320153110	1775320153117	OK	 
USER	medium_bot	END	1775320153118
USER	random_bot	START	1775320153223
USER	beginner_bot	START	1775320153225
REQUEST		POST /api/gamey/play [random_bot 5 early]	1775320153222	1775320153236	OK	 
REQUEST		POST /api/gamey/play [beginner_bot 5 early]	1775320153224	1775320153237	OK	 
REQUEST		POST /api/gamey/play [random_bot 7 mid]	1775320153267	1775320153274	OK	 
USER	random_bot	END	1775320153275
REQUEST		POST /api/gamey/play [beginner_bot 7 late]	1775320153283	1775320153290	OK	 
USER	beginner_bot	END	1775320153291
USER	medium_bot	START	1775320153357
REQUEST		POST /api/gamey/play [medium_bot 5 early]	1775320153356	1775320153365	OK	 
REQUEST		POST /api/gamey/play [medium_bot 7 mid]	1775320153369	1775320153373	OK	 
REQUEST		POST /api/gamey/play [medium_bot 7 late]	1775320153406	1775320153413	OK	 
USER	medium_bot	END	1775320153415
USER	beginner_bot	START	1775320153424
USER	random_bot	START	1775320153424
REQUEST		POST /api/gamey/play [random_bot 5 early]	1775320153423	1775320153436	OK	 
REQUEST		POST /api/gamey/play [beginner_bot 5 early]	1775320153423	1775320153437	OK	 
REQUEST		POST /api/gamey/play [random_bot 7 mid]	1775320153441	1775320153447	OK	 
USER	random_bot	END	1775320153448
REQUEST		POST /api/gamey/play [beginner_bot 7 late]	1775320153442	1775320153449	OK	 
USER	beginner_bot	END	1775320153449
USER	beginner_bot	START	1775320153625
USER	random_bot	START	1775320153625
REQUEST		POST /api/gamey/play [random_bot 5 early]	1775320153624	1775320153640	OK	 
REQUEST		POST /api/gamey/play [beginner_bot 5 early]	1775320153624	1775320153641	OK	 
REQUEST		POST /api/gamey/play [beginner_bot 7 late]	1775320153644	1775320153650	OK	 
USER	beginner_bot	END	1775320153652
REQUEST		POST /api/gamey/play [random_bot 7 mid]	1775320153646	1775320153657	OK	 
USER	random_bot	END	1775320153658
USER	medium_bot	START	1775320153691
REQUEST		POST /api/gamey/play [medium_bot 5 early]	1775320153690	1775320153700	OK	 
REQUEST		POST /api/gamey/play [medium_bot 7 mid]	1775320153702	1775320153707	OK	 
REQUEST		POST /api/gamey/play [medium_bot 7 late]	1775320153714	1775320153719	OK	 
USER	medium_bot	END	1775320153721
USER	beginner_bot	START	1775320153848
USER	random_bot	START	1775320153849
REQUEST		POST /api/gamey/play [beginner_bot 7 late]	1775320153847	1775320153865	OK	 
USER	beginner_bot	END	1775320153866
REQUEST		POST /api/gamey/play [random_bot 7 mid]	1775320153859	1775320153867	OK	 
USER	random_bot	END	1775320153868
REQUEST		POST /api/gamey/play [random_bot 5 early]	1775320153849	1775320153879	OK	 
REQUEST		POST /api/gamey/play [beginner_bot 5 early]	1775320153847	1775320153879	OK	 
USER	beginner_bot	START	1775320154024
USER	random_bot	START	1775320154024
USER	medium_bot	START	1775320154030
REQUEST		POST /api/gamey/play [beginner_bot 5 early]	1775320154023	1775320154040	OK	 
REQUEST		POST /api/gamey/play [random_bot 5 early]	1775320154023	1775320154040	OK	 
REQUEST		POST /api/gamey/play [medium_bot 5 early]	1775320154026	1775320154044	OK	 
REQUEST		POST /api/gamey/play [medium_bot 7 mid]	1775320154050	1775320154057	OK	 
REQUEST		POST /api/gamey/play [beginner_bot 7 late]	1775320154052	1775320154060	OK	 
USER	beginner_bot	END	1775320154061
REQUEST		POST /api/gamey/play [random_bot 7 mid]	1775320154055	1775320154063	OK	 
USER	random_bot	END	1775320154064
REQUEST		POST /api/gamey/play [medium_bot 7 late]	1775320154063	1775320154072	OK	 
USER	medium_bot	END	1775320154073
USER	beginner_bot	START	1775320154224
USER	random_bot	START	1775320154224
REQUEST		POST /api/gamey/play [random_bot 5 early]	1775320154223	1775320154241	OK	 
REQUEST		POST /api/gamey/play [beginner_bot 5 early]	1775320154223	1775320154251	OK	 
REQUEST		POST /api/gamey/play [random_bot 7 mid]	1775320154239	1775320154252	OK	 
USER	random_bot	END	1775320154253
REQUEST		POST /api/gamey/play [beginner_bot 7 late]	1775320154239	1775320154260	OK	 
USER	beginner_bot	END	1775320154262
USER	medium_bot	START	1775320154357
REQUEST		POST /api/gamey/play [medium_bot 5 early]	1775320154356	1775320154366	OK	 
REQUEST		POST /api/gamey/play [medium_bot 7 mid]	1775320154366	1775320154371	OK	 
REQUEST		POST /api/gamey/play [medium_bot 7 late]	1775320154374	1775320154380	OK	 
USER	medium_bot	END	1775320154380
USER	beginner_bot	START	1775320154424
USER	random_bot	START	1775320154424
REQUEST		POST /api/gamey/play [beginner_bot 5 early]	1775320154423	1775320154443	OK	 
REQUEST		POST /api/gamey/play [random_bot 5 early]	1775320154423	1775320154444	OK	 
REQUEST		POST /api/gamey/play [random_bot 7 mid]	1775320154441	1775320154452	OK	 
USER	random_bot	END	1775320154453
REQUEST		POST /api/gamey/play [beginner_bot 7 late]	1775320154441	1775320154454	OK	 
USER	beginner_bot	END	1775320154454
USER	random_bot	START	1775320154623
USER	beginner_bot	START	1775320154623
REQUEST		POST /api/gamey/play [beginner_bot 5 early]	1775320154623	1775320154642	OK	 
REQUEST		POST /api/gamey/play [random_bot 5 early]	1775320154623	1775320154646	OK	 
REQUEST		POST /api/gamey/play [random_bot 7 mid]	1775320154644	1775320154652	OK	 
USER	random_bot	END	1775320154653
REQUEST		POST /api/gamey/play [beginner_bot 7 late]	1775320154643	1775320154655	OK	 
USER	beginner_bot	END	1775320154656
USER	medium_bot	START	1775320154690
REQUEST		POST /api/gamey/play [medium_bot 5 early]	1775320154689	1775320154698	OK	 
REQUEST		POST /api/gamey/play [medium_bot 7 mid]	1775320154701	1775320154706	OK	 
REQUEST		POST /api/gamey/play [medium_bot 7 late]	1775320154708	1775320154717	OK	 
USER	medium_bot	END	1775320154717
USER	random_bot	START	1775320154824
USER	beginner_bot	START	1775320154833
REQUEST		POST /api/gamey/play [random_bot 5 early]	1775320154823	1775320154845	OK	 
REQUEST		POST /api/gamey/play [beginner_bot 5 early]	1775320154826	1775320154850	OK	 
REQUEST		POST /api/gamey/play [random_bot 7 mid]	1775320154880	1775320154888	OK	 
USER	random_bot	END	1775320154889
REQUEST		POST /api/gamey/play [beginner_bot 7 late]	1775320154880	1775320154889	OK	 
USER	beginner_bot	END	1775320154890
USER	random_bot	START	1775320155036
USER	beginner_bot	START	1775320155037
USER	medium_bot	START	1775320155041
REQUEST		POST /api/gamey/play [beginner_bot 7 late]	1775320155042	1775320155072	OK	 
USER	beginner_bot	END	1775320155077
REQUEST		POST /api/gamey/play [medium_bot 7 mid]	1775320155046	1775320155080	OK	 
REQUEST		POST /api/gamey/play [random_bot 7 mid]	1775320155043	1775320155079	OK	 
USER	random_bot	END	1775320155080
REQUEST		POST /api/gamey/play [beginner_bot 5 early]	1775320155036	1775320155089	OK	 
REQUEST		POST /api/gamey/play [medium_bot 7 late]	1775320155059	1775320155090	OK	 
USER	medium_bot	END	1775320155090
REQUEST		POST /api/gamey/play [random_bot 5 early]	1775320155035	1775320155091	OK	 
REQUEST		POST /api/gamey/play [medium_bot 5 early]	1775320155041	1775320155094	OK	 
USER	random_bot	START	1775320155224
USER	beginner_bot	START	1775320155228
REQUEST		POST /api/gamey/play [random_bot 5 early]	1775320155223	1775320155235	OK	 
REQUEST		POST /api/gamey/play [beginner_bot 5 early]	1775320155226	1775320155237	OK	 
REQUEST		POST /api/gamey/play [random_bot 7 mid]	1775320155242	1775320155248	OK	 
USER	random_bot	END	1775320155248
REQUEST		POST /api/gamey/play [beginner_bot 7 late]	1775320155252	1775320155258	OK	 
USER	beginner_bot	END	1775320155260
USER	medium_bot	START	1775320155357
REQUEST		POST /api/gamey/play [medium_bot 5 early]	1775320155356	1775320155379	OK	 
REQUEST		POST /api/gamey/play [medium_bot 7 mid]	1775320155375	1775320155384	OK	 
REQUEST		POST /api/gamey/play [medium_bot 7 late]	1775320155375	1775320155391	OK	 
USER	medium_bot	END	1775320155391
USER	beginner_bot	START	1775320155427
USER	random_bot	START	1775320155429
REQUEST		POST /api/gamey/play [random_bot 5 early]	1775320155425	1775320155443	OK	 
REQUEST		POST /api/gamey/play [beginner_bot 5 early]	1775320155427	1775320155446	OK	 
REQUEST		POST /api/gamey/play [beginner_bot 7 late]	1775320155444	1775320155451	OK	 
USER	beginner_bot	END	1775320155452
REQUEST		POST /api/gamey/play [random_bot 7 mid]	1775320155445	1775320155453	OK	 
USER	random_bot	END	1775320155453
USER	random_bot	START	1775320155627
USER	beginner_bot	START	1775320155627
REQUEST		POST /api/gamey/play [random_bot 5 early]	1775320155626	1775320155637	OK	 
REQUEST		POST /api/gamey/play [beginner_bot 5 early]	1775320155626	1775320155638	OK	 
REQUEST		POST /api/gamey/play [beginner_bot 7 late]	1775320155643	1775320155654	OK	 
USER	beginner_bot	END	1775320155656
REQUEST		POST /api/gamey/play [random_bot 7 mid]	1775320155648	1775320155657	OK	 
USER	random_bot	END	1775320155657
USER	medium_bot	START	1775320155692
REQUEST		POST /api/gamey/play [medium_bot 5 early]	1775320155691	1775320155700	OK	 
REQUEST		POST /api/gamey/play [medium_bot 7 mid]	1775320155699	1775320155705	OK	 
REQUEST		POST /api/gamey/play [medium_bot 7 late]	1775320155706	1775320155713	OK	 
USER	medium_bot	END	1775320155714
USER	random_bot	START	1775320155826
USER	beginner_bot	START	1775320155827
REQUEST		POST /api/gamey/play [beginner_bot 5 early]	1775320155827	1775320155841	OK	 
REQUEST		POST /api/gamey/play [random_bot 5 early]	1775320155825	1775320155842	OK	 
REQUEST		POST /api/gamey/play [random_bot 7 mid]	1775320155846	1775320155855	OK	 
USER	random_bot	END	1775320155856
REQUEST		POST /api/gamey/play [beginner_bot 7 late]	1775320155851	1775320155857	OK	 
USER	beginner_bot	END	1775320155859
USER	medium_bot	START	1775320156024
USER	random_bot	START	1775320156025
USER	beginner_bot	START	1775320156030
REQUEST		POST /api/gamey/play [medium_bot 5 early]	1775320156023	1775320156040	OK	 
REQUEST		POST /api/gamey/play [random_bot 5 early]	1775320156025	1775320156042	OK	 
REQUEST		POST /api/gamey/play [beginner_bot 5 early]	1775320156030	1775320156044	OK	 
REQUEST		POST /api/gamey/play [medium_bot 7 late]	1775320156082	1775320156093	OK	 
USER	medium_bot	END	1775320156095
REQUEST		POST /api/gamey/play [beginner_bot 7 late]	1775320156090	1775320156100	OK	 
USER	beginner_bot	END	1775320156101
REQUEST		POST /api/gamey/play [random_bot 7 mid]	1775320156098	1775320156108	OK	 
USER	random_bot	END	1775320156109
REQUEST		POST /api/gamey/play [medium_bot 7 mid]	1775320156098	1775320156121	OK	 
USER	random_bot	START	1775320156225
USER	beginner_bot	START	1775320156226
REQUEST		POST /api/gamey/play [beginner_bot 5 early]	1775320156225	1775320156246	OK	 
REQUEST		POST /api/gamey/play [random_bot 5 early]	1775320156224	1775320156248	OK	 
REQUEST		POST /api/gamey/play [random_bot 7 mid]	1775320156238	1775320156249	OK	 
REQUEST		POST /api/gamey/play [beginner_bot 7 late]	1775320156242	1775320156250	OK	 
USER	random_bot	END	1775320156250
USER	beginner_bot	END	1775320156250
USER	medium_bot	START	1775320156356
REQUEST		POST /api/gamey/play [medium_bot 5 early]	1775320156355	1775320156370	OK	 
REQUEST		POST /api/gamey/play [medium_bot 7 mid]	1775320156382	1775320156396	OK	 
REQUEST		POST /api/gamey/play [medium_bot 7 late]	1775320156392	1775320156403	OK	 
USER	medium_bot	END	1775320156403
USER	random_bot	START	1775320156425
USER	beginner_bot	START	1775320156425
REQUEST		POST /api/gamey/play [random_bot 5 early]	1775320156424	1775320156439	OK	 
REQUEST		POST /api/gamey/play [beginner_bot 5 early]	1775320156424	1775320156439	OK	 
REQUEST		POST /api/gamey/play [random_bot 7 mid]	1775320156444	1775320156454	OK	 
USER	random_bot	END	1775320156455
REQUEST		POST /api/gamey/play [beginner_bot 7 late]	1775320156447	1775320156463	OK	 
USER	beginner_bot	END	1775320156464
USER	random_bot	START	1775320156624
USER	beginner_bot	START	1775320156626
REQUEST		POST /api/gamey/play [beginner_bot 5 early]	1775320156624	1775320156638	OK	 
REQUEST		POST /api/gamey/play [random_bot 5 early]	1775320156623	1775320156649	OK	 
REQUEST		POST /api/gamey/play [beginner_bot 7 late]	1775320156639	1775320156663	OK	 
REQUEST		POST /api/gamey/play [random_bot 7 mid]	1775320156639	1775320156664	OK	 
USER	beginner_bot	END	1775320156664
USER	random_bot	END	1775320156664
USER	medium_bot	START	1775320156689
REQUEST		POST /api/gamey/play [medium_bot 5 early]	1775320156688	1775320156697	OK	 
REQUEST		POST /api/gamey/play [medium_bot 7 mid]	1775320156702	1775320156713	OK	 
REQUEST		POST /api/gamey/play [medium_bot 7 late]	1775320156706	1775320156717	OK	 
USER	medium_bot	END	1775320156718
USER	random_bot	START	1775320156825
USER	beginner_bot	START	1775320156824
REQUEST		POST /api/gamey/play [beginner_bot 5 early]	1775320156824	1775320156834	OK	 
REQUEST		POST /api/gamey/play [random_bot 5 early]	1775320156824	1775320156835	OK	 
REQUEST		POST /api/gamey/play [random_bot 7 mid]	1775320156843	1775320156849	OK	 
USER	random_bot	END	1775320156850
REQUEST		POST /api/gamey/play [beginner_bot 7 late]	1775320156842	1775320156849	OK	 
USER	beginner_bot	END	1775320156850
USER	beginner_bot	START	1775320157026
USER	medium_bot	START	1775320157026
USER	random_bot	START	1775320157026
REQUEST		POST /api/gamey/play [beginner_bot 5 early]	1775320157026	1775320157037	OK	 
REQUEST		POST /api/gamey/play [random_bot 5 early]	1775320157026	1775320157039	OK	 
REQUEST		POST /api/gamey/play [medium_bot 5 early]	1775320157026	1775320157039	OK	 
REQUEST		POST /api/gamey/play [medium_bot 7 mid]	1775320157041	1775320157048	OK	 
REQUEST		POST /api/gamey/play [random_bot 7 mid]	1775320157043	1775320157050	OK	 
USER	random_bot	END	1775320157050
REQUEST		POST /api/gamey/play [beginner_bot 7 late]	1775320157046	1775320157054	OK	 
USER	beginner_bot	END	1775320157054
REQUEST		POST /api/gamey/play [medium_bot 7 late]	1775320157123	1775320157131	OK	 
USER	medium_bot	END	1775320157133
USER	random_bot	START	1775320157224
USER	beginner_bot	START	1775320157227
REQUEST		POST /api/gamey/play [random_bot 5 early]	1775320157223	1775320157244	OK	 
REQUEST		POST /api/gamey/play [beginner_bot 5 early]	1775320157227	1775320157245	OK	 
REQUEST		POST /api/gamey/play [beginner_bot 7 late]	1775320157248	1775320157256	OK	 
USER	beginner_bot	END	1775320157258
REQUEST		POST /api/gamey/play [random_bot 7 mid]	1775320157252	1775320157261	OK	 
USER	random_bot	END	1775320157261
USER	medium_bot	START	1775320157358
REQUEST		POST /api/gamey/play [medium_bot 5 early]	1775320157357	1775320157368	OK	 
REQUEST		POST /api/gamey/play [medium_bot 7 mid]	1775320157371	1775320157377	OK	 
REQUEST		POST /api/gamey/play [medium_bot 7 late]	1775320157397	1775320157403	OK	 
USER	medium_bot	END	1775320157404
USER	beginner_bot	START	1775320157424
USER	random_bot	START	1775320157425
REQUEST		POST /api/gamey/play [beginner_bot 5 early]	1775320157423	1775320157455	OK	 
REQUEST		POST /api/gamey/play [random_bot 5 early]	1775320157424	1775320157455	OK	 
REQUEST		POST /api/gamey/play [random_bot 7 mid]	1775320157444	1775320157461	OK	 
USER	random_bot	END	1775320157462
REQUEST		POST /api/gamey/play [beginner_bot 7 late]	1775320157445	1775320157464	OK	 
USER	beginner_bot	END	1775320157465
USER	random_bot	START	1775320157627
USER	beginner_bot	START	1775320157631
REQUEST		POST /api/gamey/play [beginner_bot 7 late]	1775320157647	1775320157659	OK	 
USER	beginner_bot	END	1775320157660
REQUEST		POST /api/gamey/play [random_bot 5 early]	1775320157624	1775320157669	OK	 
REQUEST		POST /api/gamey/play [random_bot 7 mid]	1775320157659	1775320157670	OK	 
USER	random_bot	END	1775320157670
REQUEST		POST /api/gamey/play [beginner_bot 5 early]	1775320157626	1775320157672	OK	 
USER	medium_bot	START	1775320157691
REQUEST		POST /api/gamey/play [medium_bot 5 early]	1775320157690	1775320157700	OK	 
REQUEST		POST /api/gamey/play [medium_bot 7 mid]	1775320157698	1775320157704	OK	 
REQUEST		POST /api/gamey/play [medium_bot 7 late]	1775320157714	1775320157720	OK	 
USER	medium_bot	END	1775320157721
USER	beginner_bot	START	1775320157824
USER	random_bot	START	1775320157826
REQUEST		POST /api/gamey/play [random_bot 5 early]	1775320157825	1775320157835	OK	 
REQUEST		POST /api/gamey/play [beginner_bot 5 early]	1775320157824	1775320157836	OK	 
REQUEST		POST /api/gamey/play [beginner_bot 7 late]	1775320157835	1775320157842	OK	 
USER	beginner_bot	END	1775320157842
REQUEST		POST /api/gamey/play [random_bot 7 mid]	1775320157835	1775320157842	OK	 
USER	random_bot	END	1775320157843
USER	beginner_bot	START	1775320158028
USER	medium_bot	START	1775320158027
USER	random_bot	START	1775320158030
REQUEST		POST /api/gamey/play [beginner_bot 5 early]	1775320158024	1775320158052	OK	 
REQUEST		POST /api/gamey/play [beginner_bot 7 late]	1775320158042	1775320158053	OK	 
USER	beginner_bot	END	1775320158055
REQUEST		POST /api/gamey/play [medium_bot 5 early]	1775320158025	1775320158065	OK	 
REQUEST		POST /api/gamey/play [medium_bot 7 late]	1775320158052	1775320158066	OK	 
USER	medium_bot	END	1775320158067
REQUEST		POST /api/gamey/play [random_bot 7 mid]	1775320158042	1775320158068	OK	 
USER	random_bot	END	1775320158069
REQUEST		POST /api/gamey/play [medium_bot 7 mid]	1775320158051	1775320158074	OK	 
REQUEST		POST /api/gamey/play [random_bot 5 early]	1775320158029	1775320158074	OK	 
USER	random_bot	START	1775320158224
USER	beginner_bot	START	1775320158225
REQUEST		POST /api/gamey/play [beginner_bot 5 early]	1775320158224	1775320158237	OK	 
REQUEST		POST /api/gamey/play [random_bot 5 early]	1775320158224	1775320158238	OK	 
REQUEST		POST /api/gamey/play [beginner_bot 7 late]	1775320158246	1775320158300	OK	 
USER	beginner_bot	END	1775320158301
REQUEST		POST /api/gamey/play [random_bot 7 mid]	1775320158246	1775320158302	OK	 
USER	random_bot	END	1775320158303
USER	medium_bot	START	1775320158358
REQUEST		POST /api/gamey/play [medium_bot 5 early]	1775320158357	1775320158367	OK	 
REQUEST		POST /api/gamey/play [medium_bot 7 mid]	1775320158369	1775320158376	OK	 
REQUEST		POST /api/gamey/play [medium_bot 7 late]	1775320158378	1775320158384	OK	 
USER	medium_bot	END	1775320158385
USER	beginner_bot	START	1775320158434
USER	random_bot	START	1775320158434
REQUEST		POST /api/gamey/play [random_bot 5 early]	1775320158433	1775320158449	OK	 
REQUEST		POST /api/gamey/play [beginner_bot 5 early]	1775320158433	1775320158450	OK	 
REQUEST		POST /api/gamey/play [beginner_bot 7 late]	1775320158458	1775320158464	OK	 
REQUEST		POST /api/gamey/play [random_bot 7 mid]	1775320158458	1775320158465	OK	 
USER	beginner_bot	END	1775320158465
USER	random_bot	END	1775320158465
USER	random_bot	START	1775320158638
USER	beginner_bot	START	1775320158638
REQUEST		POST /api/gamey/play [random_bot 5 early]	1775320158637	1775320158648	OK	 
REQUEST		POST /api/gamey/play [beginner_bot 5 early]	1775320158637	1775320158649	OK	 
REQUEST		POST /api/gamey/play [beginner_bot 7 late]	1775320158686	1775320158700	OK	 
USER	medium_bot	START	1775320158701
USER	beginner_bot	END	1775320158701
REQUEST		POST /api/gamey/play [random_bot 7 mid]	1775320158686	1775320158703	OK	 
USER	random_bot	END	1775320158705
REQUEST		POST /api/gamey/play [medium_bot 5 early]	1775320158700	1775320158712	OK	 
REQUEST		POST /api/gamey/play [medium_bot 7 late]	1775320158708	1775320158715	OK	 
USER	medium_bot	END	1775320158716
REQUEST		POST /api/gamey/play [medium_bot 7 mid]	1775320158715	1775320158727	OK	 
USER	random_bot	START	1775320158832
USER	beginner_bot	START	1775320158832
REQUEST		POST /api/gamey/play [beginner_bot 5 early]	1775320158831	1775320158843	OK	 
REQUEST		POST /api/gamey/play [random_bot 5 early]	1775320158831	1775320158843	OK	 
REQUEST		POST /api/gamey/play [beginner_bot 7 late]	1775320158846	1775320158852	OK	 
USER	beginner_bot	END	1775320158853
REQUEST		POST /api/gamey/play [random_bot 7 mid]	1775320158846	1775320158853	OK	 
USER	random_bot	END	1775320158853
USER	medium_bot	START	1775320159036
USER	beginner_bot	START	1775320159036
USER	random_bot	START	1775320159036
REQUEST		POST /api/gamey/play [medium_bot 5 early]	1775320159036	1775320159048	OK	 
REQUEST		POST /api/gamey/play [beginner_bot 5 early]	1775320159036	1775320159050	OK	 
REQUEST		POST /api/gamey/play [random_bot 5 early]	1775320159036	1775320159051	OK	 
REQUEST		POST /api/gamey/play [beginner_bot 7 late]	1775320159067	1775320159073	OK	 
USER	beginner_bot	END	1775320159074
REQUEST		POST /api/gamey/play [medium_bot 7 mid]	1775320159067	1775320159074	OK	 
REQUEST		POST /api/gamey/play [random_bot 7 mid]	1775320159082	1775320159089	OK	 
USER	random_bot	END	1775320159090
REQUEST		POST /api/gamey/play [medium_bot 7 late]	1775320159082	1775320159090	OK	 
USER	medium_bot	END	1775320159091
USER	beginner_bot	START	1775320159228
USER	random_bot	START	1775320159230
REQUEST		POST /api/gamey/play [beginner_bot 5 early]	1775320159227	1775320159239	OK	 
REQUEST		POST /api/gamey/play [random_bot 5 early]	1775320159229	1775320159239	OK	 
REQUEST		POST /api/gamey/play [beginner_bot 7 late]	1775320159238	1775320159244	OK	 
USER	beginner_bot	END	1775320159244
REQUEST		POST /api/gamey/play [random_bot 7 mid]	1775320159246	1775320159251	OK	 
USER	random_bot	END	1775320159252
USER	medium_bot	START	1775320159365
REQUEST		POST /api/gamey/play [medium_bot 5 early]	1775320159364	1775320159373	OK	 
REQUEST		POST /api/gamey/play [medium_bot 7 mid]	1775320159379	1775320159386	OK	 
REQUEST		POST /api/gamey/play [medium_bot 7 late]	1775320159379	1775320159387	OK	 
USER	medium_bot	END	1775320159387
USER	random_bot	START	1775320159427
USER	beginner_bot	START	1775320159427
REQUEST		POST /api/gamey/play [beginner_bot 5 early]	1775320159427	1775320159438	OK	 
REQUEST		POST /api/gamey/play [random_bot 5 early]	1775320159427	1775320159439	OK	 
REQUEST		POST /api/gamey/play [beginner_bot 7 late]	1775320159458	1775320159465	OK	 
USER	beginner_bot	END	1775320159465
REQUEST		POST /api/gamey/play [random_bot 7 mid]	1775320159458	1775320159465	OK	 
USER	random_bot	END	1775320159466
USER	random_bot	START	1775320159632
USER	beginner_bot	START	1775320159633
REQUEST		POST /api/gamey/play [beginner_bot 5 early]	1775320159632	1775320159641	OK	 
REQUEST		POST /api/gamey/play [random_bot 5 early]	1775320159632	1775320159642	OK	 
REQUEST		POST /api/gamey/play [beginner_bot 7 late]	1775320159664	1775320159671	OK	 
REQUEST		POST /api/gamey/play [random_bot 7 mid]	1775320159663	1775320159671	OK	 
USER	beginner_bot	END	1775320159672
USER	random_bot	END	1775320159672
USER	medium_bot	START	1775320159696
REQUEST		POST /api/gamey/play [medium_bot 5 early]	1775320159695	1775320159705	OK	 
REQUEST		POST /api/gamey/play [medium_bot 7 mid]	1775320159726	1775320159732	OK	 
REQUEST		POST /api/gamey/play [medium_bot 7 late]	1775320159742	1775320159747	OK	 
USER	medium_bot	END	1775320159747
USER	random_bot	START	1775320159838
USER	beginner_bot	START	1775320159839
REQUEST		POST /api/gamey/play [random_bot 5 early]	1775320159837	1775320159856	OK	 
REQUEST		POST /api/gamey/play [random_bot 7 mid]	1775320159855	1775320159864	OK	 
USER	random_bot	END	1775320159865
REQUEST		POST /api/gamey/play [beginner_bot 7 late]	1775320159858	1775320159866	OK	 
USER	beginner_bot	END	1775320159866
REQUEST		POST /api/gamey/play [beginner_bot 5 early]	1775320159837	1775320159872	OK	 
USER	random_bot	START	1775320160042
USER	beginner_bot	START	1775320160042
USER	medium_bot	START	1775320160043
REQUEST		POST /api/gamey/play [medium_bot 5 early]	1775320160043	1775320160052	OK	 
REQUEST		POST /api/gamey/play [random_bot 5 early]	1775320160042	1775320160053	OK	 
REQUEST		POST /api/gamey/play [beginner_bot 5 early]	1775320160042	1775320160054	OK	 
REQUEST		POST /api/gamey/play [random_bot 7 mid]	1775320160057	1775320160066	OK	 
USER	random_bot	END	1775320160067
REQUEST		POST /api/gamey/play [medium_bot 7 mid]	1775320160057	1775320160067	OK	 
REQUEST		POST /api/gamey/play [beginner_bot 7 late]	1775320160057	1775320160068	OK	 
USER	beginner_bot	END	1775320160068
REQUEST		POST /api/gamey/play [medium_bot 7 late]	1775320160088	1775320160094	OK	 
USER	medium_bot	END	1775320160095
USER	random_bot	START	1775320160230
USER	beginner_bot	START	1775320160230
REQUEST		POST /api/gamey/play [beginner_bot 5 early]	1775320160230	1775320160241	OK	 
REQUEST		POST /api/gamey/play [random_bot 5 early]	1775320160230	1775320160242	OK	 
REQUEST		POST /api/gamey/play [beginner_bot 7 late]	1775320160246	1775320160254	OK	 
USER	beginner_bot	END	1775320160255
REQUEST		POST /api/gamey/play [random_bot 7 mid]	1775320160246	1775320160257	OK	 
USER	random_bot	END	1775320160258
USER	medium_bot	START	1775320160357
REQUEST		POST /api/gamey/play [medium_bot 5 early]	1775320160357	1775320160366	OK	 
REQUEST		POST /api/gamey/play [medium_bot 7 mid]	1775320160381	1775320160387	OK	 
REQUEST		POST /api/gamey/play [medium_bot 7 late]	1775320160396	1775320160402	OK	 
USER	medium_bot	END	1775320160405
USER	beginner_bot	START	1775320160430
USER	random_bot	START	1775320160430
REQUEST		POST /api/gamey/play [beginner_bot 5 early]	1775320160429	1775320160439	OK	 
REQUEST		POST /api/gamey/play [random_bot 5 early]	1775320160429	1775320160440	OK	 
REQUEST		POST /api/gamey/play [beginner_bot 7 late]	1775320160445	1775320160592	OK	 
REQUEST		POST /api/gamey/play [random_bot 7 mid]	1775320160445	1775320160592	OK	 
USER	random_bot	END	1775320160593
USER	beginner_bot	END	1775320160593
USER	beginner_bot	START	1775320160638
USER	random_bot	START	1775320160638
REQUEST		POST /api/gamey/play [random_bot 5 early]	1775320160637	1775320160650	OK	 
REQUEST		POST /api/gamey/play [beginner_bot 5 early]	1775320160637	1775320160656	OK	 
REQUEST		POST /api/gamey/play [random_bot 7 mid]	1775320160652	1775320160662	OK	 
REQUEST		POST /api/gamey/play [beginner_bot 7 late]	1775320160652	1775320160662	OK	 
USER	beginner_bot	END	1775320160663
USER	random_bot	END	1775320160663
USER	medium_bot	START	1775320160702
REQUEST		POST /api/gamey/play [medium_bot 5 early]	1775320160701	1775320160713	OK	 
REQUEST		POST /api/gamey/play [medium_bot 7 mid]	1775320160717	1775320160723	OK	 
REQUEST		POST /api/gamey/play [medium_bot 7 late]	1775320160749	1775320160756	OK	 
USER	medium_bot	END	1775320160757
USER	random_bot	START	1775320160830
USER	beginner_bot	START	1775320160834
REQUEST		POST /api/gamey/play [random_bot 5 early]	1775320160829	1775320160853	OK	 
REQUEST		POST /api/gamey/play [beginner_bot 5 early]	1775320160834	1775320160868	OK	 
REQUEST		POST /api/gamey/play [random_bot 7 mid]	1775320160870	1775320160878	OK	 
USER	random_bot	END	1775320160879
REQUEST		POST /api/gamey/play [beginner_bot 7 late]	1775320160878	1775320160885	OK	 
USER	beginner_bot	END	1775320160885
USER	beginner_bot	START	1775320161030
USER	medium_bot	START	1775320161030
USER	random_bot	START	1775320161030
REQUEST		POST /api/gamey/play [random_bot 5 early]	1775320161030	1775320161048	OK	 
REQUEST		POST /api/gamey/play [beginner_bot 5 early]	1775320161029	1775320161054	OK	 
REQUEST		POST /api/gamey/play [medium_bot 5 early]	1775320161030	1775320161055	OK	 
REQUEST		POST /api/gamey/play [medium_bot 7 late]	1775320161069	1775320161080	OK	 
USER	medium_bot	END	1775320161081
REQUEST		POST /api/gamey/play [beginner_bot 7 late]	1775320161069	1775320161081	OK	 
USER	beginner_bot	END	1775320161082
REQUEST		POST /api/gamey/play [random_bot 7 mid]	1775320161070	1775320161082	OK	 
USER	random_bot	END	1775320161083
REQUEST		POST /api/gamey/play [medium_bot 7 mid]	1775320161070	1775320161083	OK	 
USER	random_bot	START	1775320161228
USER	beginner_bot	START	1775320161228
REQUEST		POST /api/gamey/play [random_bot 5 early]	1775320161227	1775320161238	OK	 
REQUEST		POST /api/gamey/play [beginner_bot 5 early]	1775320161227	1775320161239	OK	 
REQUEST		POST /api/gamey/play [beginner_bot 7 late]	1775320161258	1775320161266	OK	 
USER	beginner_bot	END	1775320161267
REQUEST		POST /api/gamey/play [random_bot 7 mid]	1775320161258	1775320161267	OK	 
USER	random_bot	END	1775320161268
USER	medium_bot	START	1775320161356
REQUEST		POST /api/gamey/play [medium_bot 5 early]	1775320161356	1775320161366	OK	 
REQUEST		POST /api/gamey/play [medium_bot 7 mid]	1775320161371	1775320161378	OK	 
REQUEST		POST /api/gamey/play [medium_bot 7 late]	1775320161394	1775320161401	OK	 
USER	medium_bot	END	1775320161402
USER	random_bot	START	1775320161437
USER	beginner_bot	START	1775320161437
REQUEST		POST /api/gamey/play [beginner_bot 5 early]	1775320161436	1775320161448	OK	 
REQUEST		POST /api/gamey/play [random_bot 5 early]	1775320161436	1775320161449	OK	 
REQUEST		POST /api/gamey/play [random_bot 7 mid]	1775320161450	1775320161461	OK	 
USER	random_bot	END	1775320161462
REQUEST		POST /api/gamey/play [beginner_bot 7 late]	1775320161450	1775320161463	OK	 
USER	beginner_bot	END	1775320161464
USER	beginner_bot	START	1775320161629
USER	random_bot	START	1775320161630
REQUEST		POST /api/gamey/play [beginner_bot 5 early]	1775320161628	1775320161641	OK	 
REQUEST		POST /api/gamey/play [random_bot 5 early]	1775320161628	1775320161643	OK	 
REQUEST		POST /api/gamey/play [random_bot 7 mid]	1775320161651	1775320161658	OK	 
USER	random_bot	END	1775320161659
REQUEST		POST /api/gamey/play [beginner_bot 7 late]	1775320161661	1775320161667	OK	 
USER	beginner_bot	END	1775320161668
USER	medium_bot	START	1775320161700
REQUEST		POST /api/gamey/play [medium_bot 5 early]	1775320161700	1775320161711	OK	 
REQUEST		POST /api/gamey/play [medium_bot 7 mid]	1775320161715	1775320161722	OK	 
REQUEST		POST /api/gamey/play [medium_bot 7 late]	1775320161732	1775320161738	OK	 
USER	medium_bot	END	1775320161739
USER	beginner_bot	START	1775320161827
USER	random_bot	START	1775320161828
REQUEST		POST /api/gamey/play [random_bot 5 early]	1775320161827	1775320161838	OK	 
REQUEST		POST /api/gamey/play [beginner_bot 5 early]	1775320161827	1775320161839	OK	 
REQUEST		POST /api/gamey/play [random_bot 7 mid]	1775320161855	1775320161863	OK	 
USER	random_bot	END	1775320161863
REQUEST		POST /api/gamey/play [beginner_bot 7 late]	1775320161871	1775320161877	OK	 
USER	beginner_bot	END	1775320161878
USER	medium_bot	START	1775320162027
USER	random_bot	START	1775320162027
USER	beginner_bot	START	1775320162027
REQUEST		POST /api/gamey/play [beginner_bot 5 early]	1775320162026	1775320162043	OK	 
REQUEST		POST /api/gamey/play [random_bot 5 early]	1775320162026	1775320162056	OK	 
REQUEST		POST /api/gamey/play [medium_bot 5 early]	1775320162026	1775320162057	OK	 
REQUEST		POST /api/gamey/play [random_bot 7 mid]	1775320162051	1775320162061	OK	 
USER	random_bot	END	1775320162061
REQUEST		POST /api/gamey/play [medium_bot 7 mid]	1775320162066	1775320162075	OK	 
REQUEST		POST /api/gamey/play [beginner_bot 7 late]	1775320162067	1775320162076	OK	 
USER	beginner_bot	END	1775320162076
REQUEST		POST /api/gamey/play [medium_bot 7 late]	1775320162098	1775320162106	OK	 
USER	medium_bot	END	1775320162107
USER	beginner_bot	START	1775320162233
USER	random_bot	START	1775320162233
REQUEST		POST /api/gamey/play [beginner_bot 5 early]	1775320162232	1775320162245	OK	 
REQUEST		POST /api/gamey/play [random_bot 5 early]	1775320162232	1775320162246	OK	 
REQUEST		POST /api/gamey/play [random_bot 7 mid]	1775320162248	1775320162255	OK	 
USER	random_bot	END	1775320162256
REQUEST		POST /api/gamey/play [beginner_bot 7 late]	1775320162248	1775320162260	OK	 
USER	beginner_bot	END	1775320162261
USER	medium_bot	START	1775320162364
REQUEST		POST /api/gamey/play [medium_bot 5 early]	1775320162363	1775320162376	OK	 
REQUEST		POST /api/gamey/play [medium_bot 7 mid]	1775320162377	1775320162383	OK	 
REQUEST		POST /api/gamey/play [medium_bot 7 late]	1775320162392	1775320162399	OK	 
USER	medium_bot	END	1775320162400
USER	random_bot	START	1775320162426
USER	beginner_bot	START	1775320162426
REQUEST		POST /api/gamey/play [beginner_bot 5 early]	1775320162425	1775320162437	OK	 
REQUEST		POST /api/gamey/play [random_bot 5 early]	1775320162425	1775320162439	OK	 
REQUEST		POST /api/gamey/play [beginner_bot 7 late]	1775320162464	1775320162471	OK	 
REQUEST		POST /api/gamey/play [random_bot 7 mid]	1775320162464	1775320162472	OK	 
USER	beginner_bot	END	1775320162472
USER	random_bot	END	1775320162472
USER	beginner_bot	START	1775320162630
USER	random_bot	START	1775320162631
REQUEST		POST /api/gamey/play [random_bot 5 early]	1775320162630	1775320162643	OK	 
REQUEST		POST /api/gamey/play [beginner_bot 5 early]	1775320162629	1775320162644	OK	 
REQUEST		POST /api/gamey/play [random_bot 7 mid]	1775320162645	1775320162655	OK	 
REQUEST		POST /api/gamey/play [beginner_bot 7 late]	1775320162645	1775320162655	OK	 
USER	beginner_bot	END	1775320162656
USER	random_bot	END	1775320162656
USER	medium_bot	START	1775320162697
REQUEST		POST /api/gamey/play [medium_bot 5 early]	1775320162696	1775320162706	OK	 
REQUEST		POST /api/gamey/play [medium_bot 7 mid]	1775320162723	1775320162730	OK	 
REQUEST		POST /api/gamey/play [medium_bot 7 late]	1775320162723	1775320162730	OK	 
USER	medium_bot	END	1775320162731
USER	beginner_bot	START	1775320162828
USER	random_bot	START	1775320162828
REQUEST		POST /api/gamey/play [random_bot 5 early]	1775320162827	1775320162842	OK	 
REQUEST		POST /api/gamey/play [beginner_bot 5 early]	1775320162827	1775320162842	OK	 
REQUEST		POST /api/gamey/play [beginner_bot 7 late]	1775320162843	1775320162854	OK	 
USER	beginner_bot	END	1775320162855
REQUEST		POST /api/gamey/play [random_bot 7 mid]	1775320162844	1775320162856	OK	 
USER	random_bot	END	1775320162857
USER	random_bot	START	1775320163042
USER	beginner_bot	START	1775320163044
USER	medium_bot	START	1775320163045
REQUEST		POST /api/gamey/play [random_bot 5 early]	1775320163037	1775320163062	OK	 
REQUEST		POST /api/gamey/play [beginner_bot 5 early]	1775320163044	1775320163063	OK	 
REQUEST		POST /api/gamey/play [medium_bot 5 early]	1775320163045	1775320163063	OK	 
REQUEST		POST /api/gamey/play [beginner_bot 7 late]	1775320163053	1775320163074	OK	 
USER	beginner_bot	END	1775320163075
REQUEST		POST /api/gamey/play [medium_bot 7 mid]	1775320163061	1775320163076	OK	 
REQUEST		POST /api/gamey/play [random_bot 7 mid]	1775320163061	1775320163078	OK	 
USER	random_bot	END	1775320163078
REQUEST		POST /api/gamey/play [medium_bot 7 late]	1775320163083	1775320163102	OK	 
USER	medium_bot	END	1775320163102
USER	beginner_bot	START	1775320163229
USER	random_bot	START	1775320163234
REQUEST		POST /api/gamey/play [beginner_bot 5 early]	1775320163228	1775320163260	OK	 
REQUEST		POST /api/gamey/play [random_bot 5 early]	1775320163234	1775320163276	OK	 
REQUEST		POST /api/gamey/play [beginner_bot 7 late]	1775320163257	1775320163276	OK	 
USER	beginner_bot	END	1775320163277
REQUEST		POST /api/gamey/play [random_bot 7 mid]	1775320163256	1775320163277	OK	 
USER	random_bot	END	1775320163278
USER	medium_bot	START	1775320163361
REQUEST		POST /api/gamey/play [medium_bot 5 early]	1775320163360	1775320163372	OK	 
REQUEST		POST /api/gamey/play [medium_bot 7 mid]	1775320163377	1775320163383	OK	 
REQUEST		POST /api/gamey/play [medium_bot 7 late]	1775320163393	1775320163405	OK	 
USER	medium_bot	END	1775320163406
USER	random_bot	START	1775320163425
USER	beginner_bot	START	1775320163425
REQUEST		POST /api/gamey/play [random_bot 5 early]	1775320163424	1775320163435	OK	 
REQUEST		POST /api/gamey/play [beginner_bot 5 early]	1775320163424	1775320163436	OK	 
REQUEST		POST /api/gamey/play [random_bot 7 mid]	1775320163449	1775320163458	OK	 
USER	random_bot	END	1775320163458
REQUEST		POST /api/gamey/play [beginner_bot 7 late]	1775320163449	1775320163459	OK	 
USER	beginner_bot	END	1775320163460
USER	random_bot	START	1775320163627
USER	beginner_bot	START	1775320163627
REQUEST		POST /api/gamey/play [beginner_bot 5 early]	1775320163627	1775320163642	OK	 
REQUEST		POST /api/gamey/play [random_bot 5 early]	1775320163627	1775320163642	OK	 
REQUEST		POST /api/gamey/play [random_bot 7 mid]	1775320163652	1775320163663	OK	 
REQUEST		POST /api/gamey/play [beginner_bot 7 late]	1775320163651	1775320163663	OK	 
USER	beginner_bot	END	1775320163664
USER	random_bot	END	1775320163664
USER	medium_bot	START	1775320163700
REQUEST		POST /api/gamey/play [medium_bot 7 mid]	1775320163716	1775320163742	OK	 
REQUEST		POST /api/gamey/play [medium_bot 5 early]	1775320163698	1775320163760	OK	 
REQUEST		POST /api/gamey/play [medium_bot 7 late]	1775320163744	1775320163763	OK	 
USER	medium_bot	END	1775320163764
USER	beginner_bot	START	1775320163831
USER	random_bot	START	1775320163832
REQUEST		POST /api/gamey/play [beginner_bot 5 early]	1775320163830	1775320163884	OK	 
REQUEST		POST /api/gamey/play [random_bot 5 early]	1775320163832	1775320163884	OK	 
REQUEST		POST /api/gamey/play [beginner_bot 7 late]	1775320163853	1775320163895	OK	 
REQUEST		POST /api/gamey/play [random_bot 7 mid]	1775320163855	1775320163895	OK	 
USER	random_bot	END	1775320163896
USER	beginner_bot	END	1775320163896
USER	beginner_bot	START	1775320164031
USER	medium_bot	START	1775320164031
USER	random_bot	START	1775320164032
REQUEST		POST /api/gamey/play [medium_bot 5 early]	1775320164031	1775320164045	OK	 
REQUEST		POST /api/gamey/play [beginner_bot 5 early]	1775320164031	1775320164049	OK	 
REQUEST		POST /api/gamey/play [random_bot 5 early]	1775320164031	1775320164049	OK	 
REQUEST		POST /api/gamey/play [random_bot 7 mid]	1775320164072	1775320164081	OK	 
USER	random_bot	END	1775320164081
REQUEST		POST /api/gamey/play [beginner_bot 7 late]	1775320164071	1775320164081	OK	 
USER	beginner_bot	END	1775320164082
REQUEST		POST /api/gamey/play [medium_bot 7 mid]	1775320164071	1775320164082	OK	 
REQUEST		POST /api/gamey/play [medium_bot 7 late]	1775320164079	1775320164086	OK	 
USER	medium_bot	END	1775320164087
USER	random_bot	START	1775320164228
USER	beginner_bot	START	1775320164228
REQUEST		POST /api/gamey/play [beginner_bot 5 early]	1775320164228	1775320164242	OK	 
REQUEST		POST /api/gamey/play [random_bot 5 early]	1775320164227	1775320164242	OK	 
REQUEST		POST /api/gamey/play [beginner_bot 7 late]	1775320164267	1775320164276	OK	 
USER	beginner_bot	END	1775320164277
REQUEST		POST /api/gamey/play [random_bot 7 mid]	1775320164292	1775320164300	OK	 
USER	random_bot	END	1775320164300
USER	medium_bot	START	1775320164364
REQUEST		POST /api/gamey/play [medium_bot 5 early]	1775320164364	1775320164374	OK	 
REQUEST		POST /api/gamey/play [medium_bot 7 mid]	1775320164379	1775320164385	OK	 
REQUEST		POST /api/gamey/play [medium_bot 7 late]	1775320164394	1775320164402	OK	 
USER	medium_bot	END	1775320164402
USER	random_bot	START	1775320164433
USER	beginner_bot	START	1775320164434
REQUEST		POST /api/gamey/play [beginner_bot 5 early]	1775320164433	1775320164443	OK	 
REQUEST		POST /api/gamey/play [random_bot 5 early]	1775320164433	1775320164444	OK	 
REQUEST		POST /api/gamey/play [random_bot 7 mid]	1775320164442	1775320164449	OK	 
USER	random_bot	END	1775320164450
REQUEST		POST /api/gamey/play [beginner_bot 7 late]	1775320164442	1775320164450	OK	 
USER	beginner_bot	END	1775320164451
USER	random_bot	START	1775320164628
USER	beginner_bot	START	1775320164628
REQUEST		POST /api/gamey/play [beginner_bot 5 early]	1775320164627	1775320164638	OK	 
REQUEST		POST /api/gamey/play [random_bot 5 early]	1775320164627	1775320164639	OK	 
REQUEST		POST /api/gamey/play [random_bot 7 mid]	1775320164643	1775320164652	OK	 
USER	random_bot	END	1775320164652
REQUEST		POST /api/gamey/play [beginner_bot 7 late]	1775320164643	1775320164653	OK	 
USER	beginner_bot	END	1775320164653
USER	medium_bot	START	1775320164693
REQUEST		POST /api/gamey/play [medium_bot 5 early]	1775320164693	1775320164702	OK	 
REQUEST		POST /api/gamey/play [medium_bot 7 late]	1775320164749	1775320164756	OK	 
USER	medium_bot	END	1775320164757
REQUEST		POST /api/gamey/play [medium_bot 7 mid]	1775320164764	1775320164770	OK	 
USER	beginner_bot	START	1775320164829
USER	random_bot	START	1775320164829
REQUEST		POST /api/gamey/play [random_bot 5 early]	1775320164829	1775320164842	OK	 
REQUEST		POST /api/gamey/play [beginner_bot 5 early]	1775320164829	1775320164843	OK	 
REQUEST		POST /api/gamey/play [random_bot 7 mid]	1775320164886	1775320164895	OK	 
USER	random_bot	END	1775320164895
REQUEST		POST /api/gamey/play [beginner_bot 7 late]	1775320164886	1775320164896	OK	 
USER	beginner_bot	END	1775320164896
USER	random_bot	START	1775320165024
REQUEST		POST /api/gamey/play [random_bot 5 early]	1775320165023	1775320165033	OK	 
USER	medium_bot	START	1775320165039
USER	beginner_bot	START	1775320165039
REQUEST		POST /api/gamey/play [beginner_bot 5 early]	1775320165039	1775320165049	OK	 
REQUEST		POST /api/gamey/play [medium_bot 5 early]	1775320165039	1775320165050	OK	 
REQUEST		POST /api/gamey/play [beginner_bot 7 late]	1775320165054	1775320165062	OK	 
USER	beginner_bot	END	1775320165063
REQUEST		POST /api/gamey/play [medium_bot 7 mid]	1775320165054	1775320165063	OK	 
REQUEST		POST /api/gamey/play [random_bot 7 mid]	1775320165054	1775320165063	OK	 
USER	random_bot	END	1775320165064
REQUEST		POST /api/gamey/play [medium_bot 7 late]	1775320165087	1775320165094	OK	 
USER	medium_bot	END	1775320165094
USER	beginner_bot	START	1775320165227
USER	random_bot	START	1775320165229
REQUEST		POST /api/gamey/play [random_bot 5 early]	1775320165229	1775320165263	OK	 
REQUEST		POST /api/gamey/play [random_bot 7 mid]	1775320165250	1775320165264	OK	 
USER	random_bot	END	1775320165265
REQUEST		POST /api/gamey/play [beginner_bot 5 early]	1775320165226	1775320165265	OK	 
REQUEST		POST /api/gamey/play [beginner_bot 7 late]	1775320165249	1775320165269	OK	 
USER	beginner_bot	END	1775320165269
USER	medium_bot	START	1775320165364
REQUEST		POST /api/gamey/play [medium_bot 5 early]	1775320165363	1775320165373	OK	 
REQUEST		POST /api/gamey/play [medium_bot 7 mid]	1775320165387	1775320165396	OK	 
REQUEST		POST /api/gamey/play [medium_bot 7 late]	1775320165388	1775320165397	OK	 
USER	medium_bot	END	1775320165398
USER	random_bot	START	1775320165430
USER	beginner_bot	START	1775320165430
REQUEST		POST /api/gamey/play [random_bot 5 early]	1775320165429	1775320165442	OK	 
REQUEST		POST /api/gamey/play [beginner_bot 5 early]	1775320165430	1775320165443	OK	 
REQUEST		POST /api/gamey/play [beginner_bot 7 late]	1775320165445	1775320165450	OK	 
USER	beginner_bot	END	1775320165451
REQUEST		POST /api/gamey/play [random_bot 7 mid]	1775320165460	1775320165467	OK	 
USER	random_bot	END	1775320165467
USER	beginner_bot	START	1775320165629
USER	random_bot	START	1775320165629
REQUEST		POST /api/gamey/play [beginner_bot 5 early]	1775320165629	1775320165643	OK	 
REQUEST		POST /api/gamey/play [random_bot 5 early]	1775320165629	1775320165645	OK	 
REQUEST		POST /api/gamey/play [random_bot 7 mid]	1775320165658	1775320165669	OK	 
USER	random_bot	END	1775320165670
REQUEST		POST /api/gamey/play [beginner_bot 7 late]	1775320165661	1775320165670	OK	 
USER	beginner_bot	END	1775320165671
USER	medium_bot	START	1775320165695
REQUEST		POST /api/gamey/play [medium_bot 5 early]	1775320165695	1775320165704	OK	 
REQUEST		POST /api/gamey/play [medium_bot 7 mid]	1775320165705	1775320165713	OK	 
REQUEST		POST /api/gamey/play [medium_bot 7 late]	1775320165780	1775320165787	OK	 
USER	medium_bot	END	1775320165788
USER	random_bot	START	1775320165831
USER	beginner_bot	START	1775320165833
REQUEST		POST /api/gamey/play [random_bot 5 early]	1775320165830	1775320165853	OK	 
REQUEST		POST /api/gamey/play [beginner_bot 5 early]	1775320165830	1775320165854	OK	 
REQUEST		POST /api/gamey/play [random_bot 7 mid]	1775320165848	1775320165864	OK	 
USER	random_bot	END	1775320165865
REQUEST		POST /api/gamey/play [beginner_bot 7 late]	1775320165849	1775320165865	OK	 
USER	beginner_bot	END	1775320165866
USER	medium_bot	START	1775320166028
USER	random_bot	START	1775320166028
USER	beginner_bot	START	1775320166029
REQUEST		POST /api/gamey/play [medium_bot 5 early]	1775320166027	1775320166060	OK	 
REQUEST		POST /api/gamey/play [random_bot 5 early]	1775320166027	1775320166061	OK	 
REQUEST		POST /api/gamey/play [beginner_bot 5 early]	1775320166029	1775320166070	OK	 
REQUEST		POST /api/gamey/play [random_bot 7 mid]	1775320166045	1775320166090	OK	 
USER	random_bot	END	1775320166091
REQUEST		POST /api/gamey/play [medium_bot 7 mid]	1775320166066	1775320166096	OK	 
REQUEST		POST /api/gamey/play [beginner_bot 7 late]	1775320166067	1775320166097	OK	 
USER	beginner_bot	END	1775320166098
REQUEST		POST /api/gamey/play [medium_bot 7 late]	1775320166074	1775320166099	OK	 
USER	medium_bot	END	1775320166099
USER	beginner_bot	START	1775320166227
USER	random_bot	START	1775320166227
REQUEST		POST /api/gamey/play [random_bot 5 early]	1775320166227	1775320166238	OK	 
REQUEST		POST /api/gamey/play [beginner_bot 5 early]	1775320166227	1775320166239	OK	 
REQUEST		POST /api/gamey/play [random_bot 7 mid]	1775320166266	1775320166273	OK	 
USER	random_bot	END	1775320166273
REQUEST		POST /api/gamey/play [beginner_bot 7 late]	1775320166281	1775320166287	OK	 
USER	beginner_bot	END	1775320166288
USER	medium_bot	START	1775320166359
REQUEST		POST /api/gamey/play [medium_bot 5 early]	1775320166359	1775320166383	OK	 
USER	random_bot	START	1775320166428
USER	beginner_bot	START	1775320166430
REQUEST		POST /api/gamey/play [medium_bot 7 mid]	1775320166390	1775320166447	OK	 
REQUEST		POST /api/gamey/play [medium_bot 7 late]	1775320166432	1775320166465	OK	 
USER	medium_bot	END	1775320166466
REQUEST		POST /api/gamey/play [beginner_bot 5 early]	1775320166430	1775320166475	OK	 
REQUEST		POST /api/gamey/play [random_bot 5 early]	1775320166428	1775320166481	OK	 
REQUEST		POST /api/gamey/play [random_bot 7 mid]	1775320166463	1775320166482	OK	 
USER	random_bot	END	1775320166482
REQUEST		POST /api/gamey/play [beginner_bot 7 late]	1775320166462	1775320166483	OK	 
USER	beginner_bot	END	1775320166483
USER	beginner_bot	START	1775320166635
USER	random_bot	START	1775320166636
REQUEST		POST /api/gamey/play [random_bot 5 early]	1775320166634	1775320166698	OK	 
USER	medium_bot	START	1775320166702
REQUEST		POST /api/gamey/play [beginner_bot 7 late]	1775320166678	1775320166708	OK	 
USER	beginner_bot	END	1775320166708
REQUEST		POST /api/gamey/play [random_bot 7 mid]	1775320166670	1775320166712	OK	 
USER	random_bot	END	1775320166712
REQUEST		POST /api/gamey/play [beginner_bot 5 early]	1775320166634	1775320166713	OK	 
REQUEST		POST /api/gamey/play [medium_bot 7 mid]	1775320166712	1775320166720	OK	 
REQUEST		POST /api/gamey/play [medium_bot 5 early]	1775320166701	1775320166724	OK	 
REQUEST		POST /api/gamey/play [medium_bot 7 late]	1775320166723	1775320166728	OK	 
USER	medium_bot	END	1775320166729
USER	random_bot	START	1775320166826
USER	beginner_bot	START	1775320166834
REQUEST		POST /api/gamey/play [beginner_bot 5 early]	1775320166834	1775320166884	OK	 
REQUEST		POST /api/gamey/play [random_bot 5 early]	1775320166826	1775320166885	OK	 
REQUEST		POST /api/gamey/play [random_bot 7 mid]	1775320166867	1775320166886	OK	 
USER	random_bot	END	1775320166886
REQUEST		POST /api/gamey/play [beginner_bot 7 late]	1775320166866	1775320166892	OK	 
USER	beginner_bot	END	1775320166893
USER	medium_bot	START	1775320167032
USER	beginner_bot	START	1775320167032
USER	random_bot	START	1775320167033
REQUEST		POST /api/gamey/play [medium_bot 5 early]	1775320167031	1775320167045	OK	 
REQUEST		POST /api/gamey/play [beginner_bot 5 early]	1775320167031	1775320167046	OK	 
REQUEST		POST /api/gamey/play [random_bot 5 early]	1775320167031	1775320167048	OK	 
REQUEST		POST /api/gamey/play [beginner_bot 7 late]	1775320167077	1775320167087	OK	 
USER	beginner_bot	END	1775320167088
REQUEST		POST /api/gamey/play [medium_bot 7 mid]	1775320167078	1775320167089	OK	 
REQUEST		POST /api/gamey/play [random_bot 7 mid]	1775320167077	1775320167089	OK	 
USER	random_bot	END	1775320167089
REQUEST		POST /api/gamey/play [medium_bot 7 late]	1775320167108	1775320167114	OK	 
USER	medium_bot	END	1775320167114
USER	beginner_bot	START	1775320167228
USER	random_bot	START	1775320167228
REQUEST		POST /api/gamey/play [random_bot 5 early]	1775320167227	1775320167238	OK	 
REQUEST		POST /api/gamey/play [beginner_bot 5 early]	1775320167227	1775320167239	OK	 
REQUEST		POST /api/gamey/play [random_bot 7 mid]	1775320167242	1775320167249	OK	 
USER	random_bot	END	1775320167249
REQUEST		POST /api/gamey/play [beginner_bot 7 late]	1775320167242	1775320167250	OK	 
USER	beginner_bot	END	1775320167250
USER	medium_bot	START	1775320167362
REQUEST		POST /api/gamey/play [medium_bot 5 early]	1775320167362	1775320167369	OK	 
REQUEST		POST /api/gamey/play [medium_bot 7 mid]	1775320167393	1775320167399	OK	 
USER	beginner_bot	START	1775320167426
USER	random_bot	START	1775320167427
REQUEST		POST /api/gamey/play [random_bot 5 early]	1775320167425	1775320167438	OK	 
REQUEST		POST /api/gamey/play [beginner_bot 5 early]	1775320167425	1775320167439	OK	 
REQUEST		POST /api/gamey/play [medium_bot 7 late]	1775320167457	1775320167463	OK	 
USER	medium_bot	END	1775320167464
REQUEST		POST /api/gamey/play [random_bot 7 mid]	1775320167485	1775320167494	OK	 
USER	random_bot	END	1775320167494
REQUEST		POST /api/gamey/play [beginner_bot 7 late]	1775320167485	1775320167495	OK	 
USER	beginner_bot	END	1775320167497
USER	beginner_bot	START	1775320167640
USER	random_bot	START	1775320167641
REQUEST		POST /api/gamey/play [random_bot 5 early]	1775320167639	1775320167652	OK	 
REQUEST		POST /api/gamey/play [beginner_bot 5 early]	1775320167639	1775320167653	OK	 
USER	medium_bot	START	1775320167697
REQUEST		POST /api/gamey/play [medium_bot 5 early]	1775320167696	1775320167708	OK	 
REQUEST		POST /api/gamey/play [random_bot 7 mid]	1775320167714	1775320167732	OK	 
USER	random_bot	END	1775320167732
REQUEST		POST /api/gamey/play [beginner_bot 7 late]	1775320167728	1775320167740	OK	 
USER	beginner_bot	END	1775320167741
REQUEST		POST /api/gamey/play [medium_bot 7 mid]	1775320167733	1775320167749	OK	 
REQUEST		POST /api/gamey/play [medium_bot 7 late]	1775320167733	1775320167757	OK	 
USER	medium_bot	END	1775320167759
USER	random_bot	START	1775320167833
USER	beginner_bot	START	1775320167834
REQUEST		POST /api/gamey/play [random_bot 5 early]	1775320167833	1775320167849	OK	 
REQUEST		POST /api/gamey/play [beginner_bot 5 early]	1775320167833	1775320167850	OK	 
REQUEST		POST /api/gamey/play [random_bot 7 mid]	1775320167890	1775320167899	OK	 
REQUEST		POST /api/gamey/play [beginner_bot 7 late]	1775320167890	1775320167900	OK	 
USER	beginner_bot	END	1775320167900
USER	random_bot	END	1775320167900
USER	random_bot	START	1775320168034
USER	medium_bot	START	1775320168034
USER	beginner_bot	START	1775320168062
REQUEST		POST /api/gamey/play [beginner_bot 7 late]	1775320168063	1775320168073	OK	 
USER	beginner_bot	END	1775320168074
REQUEST		POST /api/gamey/play [medium_bot 7 mid]	1775320168063	1775320168074	OK	 
REQUEST		POST /api/gamey/play [random_bot 7 mid]	1775320168063	1775320168075	OK	 
USER	random_bot	END	1775320168076
REQUEST		POST /api/gamey/play [medium_bot 5 early]	1775320168034	1775320168080	OK	 
REQUEST		POST /api/gamey/play [beginner_bot 5 early]	1775320168061	1775320168081	OK	 
REQUEST		POST /api/gamey/play [random_bot 5 early]	1775320168034	1775320168083	OK	 
REQUEST		POST /api/gamey/play [medium_bot 7 late]	1775320168098	1775320168105	OK	 
USER	medium_bot	END	1775320168105
USER	random_bot	START	1775320168235
USER	beginner_bot	START	1775320168236
REQUEST		POST /api/gamey/play [random_bot 5 early]	1775320168234	1775320168259	OK	 
REQUEST		POST /api/gamey/play [beginner_bot 5 early]	1775320168235	1775320168260	OK	 
REQUEST		POST /api/gamey/play [random_bot 7 mid]	1775320168244	1775320168260	OK	 
REQUEST		POST /api/gamey/play [beginner_bot 7 late]	1775320168244	1775320168260	OK	 
USER	random_bot	END	1775320168261
USER	beginner_bot	END	1775320168261
USER	medium_bot	START	1775320168363
REQUEST		POST /api/gamey/play [medium_bot 5 early]	1775320168363	1775320168374	OK	 
REQUEST		POST /api/gamey/play [medium_bot 7 mid]	1775320168370	1775320168377	OK	 
REQUEST		POST /api/gamey/play [medium_bot 7 late]	1775320168408	1775320168416	OK	 
USER	medium_bot	END	1775320168417
USER	beginner_bot	START	1775320168424
USER	random_bot	START	1775320168426
REQUEST		POST /api/gamey/play [random_bot 5 early]	1775320168425	1775320168436	OK	 
REQUEST		POST /api/gamey/play [beginner_bot 5 early]	1775320168423	1775320168437	OK	 
REQUEST		POST /api/gamey/play [random_bot 7 mid]	1775320168448	1775320168458	OK	 
REQUEST		POST /api/gamey/play [beginner_bot 7 late]	1775320168447	1775320168458	OK	 
USER	random_bot	END	1775320168458
USER	beginner_bot	END	1775320168458
USER	random_bot	START	1775320168626
USER	beginner_bot	START	1775320168627
REQUEST		POST /api/gamey/play [random_bot 5 early]	1775320168626	1775320168637	OK	 
REQUEST		POST /api/gamey/play [beginner_bot 5 early]	1775320168626	1775320168639	OK	 
REQUEST		POST /api/gamey/play [beginner_bot 7 late]	1775320168656	1775320168666	OK	 
USER	beginner_bot	END	1775320168666
REQUEST		POST /api/gamey/play [random_bot 7 mid]	1775320168658	1775320168667	OK	 
USER	random_bot	END	1775320168667
USER	medium_bot	START	1775320168695
REQUEST		POST /api/gamey/play [medium_bot 5 early]	1775320168694	1775320168704	OK	 
REQUEST		POST /api/gamey/play [medium_bot 7 mid]	1775320168710	1775320168717	OK	 
REQUEST		POST /api/gamey/play [medium_bot 7 late]	1775320168759	1775320168765	OK	 
USER	medium_bot	END	1775320168766
USER	random_bot	START	1775320168831
USER	beginner_bot	START	1775320168831
REQUEST		POST /api/gamey/play [random_bot 5 early]	1775320168831	1775320168842	OK	 
REQUEST		POST /api/gamey/play [beginner_bot 5 early]	1775320168831	1775320168850	OK	 
REQUEST		POST /api/gamey/play [random_bot 7 mid]	1775320168857	1775320168866	OK	 
USER	random_bot	END	1775320168866
REQUEST		POST /api/gamey/play [beginner_bot 7 late]	1775320168857	1775320168867	OK	 
USER	beginner_bot	END	1775320168867
USER	beginner_bot	START	1775320169028
USER	random_bot	START	1775320169028
USER	medium_bot	START	1775320169028
REQUEST		POST /api/gamey/play [medium_bot 5 early]	1775320169027	1775320169038	OK	 
REQUEST		POST /api/gamey/play [beginner_bot 5 early]	1775320169027	1775320169040	OK	 
REQUEST		POST /api/gamey/play [random_bot 5 early]	1775320169027	1775320169040	OK	 
REQUEST		POST /api/gamey/play [medium_bot 7 mid]	1775320169087	1775320169097	OK	 
REQUEST		POST /api/gamey/play [medium_bot 7 late]	1775320169087	1775320169099	OK	 
USER	medium_bot	END	1775320169099
REQUEST		POST /api/gamey/play [random_bot 7 mid]	1775320169087	1775320169100	OK	 
USER	random_bot	END	1775320169100
REQUEST		POST /api/gamey/play [beginner_bot 7 late]	1775320169087	1775320169102	OK	 
USER	beginner_bot	END	1775320169102
USER	beginner_bot	START	1775320169235
USER	random_bot	START	1775320169235
REQUEST		POST /api/gamey/play [random_bot 5 early]	1775320169234	1775320169246	OK	 
REQUEST		POST /api/gamey/play [beginner_bot 5 early]	1775320169234	1775320169247	OK	 
REQUEST		POST /api/gamey/play [beginner_bot 7 late]	1775320169265	1775320169274	OK	 
REQUEST		POST /api/gamey/play [random_bot 7 mid]	1775320169265	1775320169274	OK	 
USER	beginner_bot	END	1775320169275
USER	random_bot	END	1775320169275
USER	medium_bot	START	1775320169358
REQUEST		POST /api/gamey/play [medium_bot 5 early]	1775320169357	1775320169368	OK	 
REQUEST		POST /api/gamey/play [medium_bot 7 late]	1775320169394	1775320169403	OK	 
USER	medium_bot	END	1775320169404
REQUEST		POST /api/gamey/play [medium_bot 7 mid]	1775320169394	1775320169405	OK	 
USER	beginner_bot	START	1775320169426
USER	random_bot	START	1775320169426
REQUEST		POST /api/gamey/play [random_bot 5 early]	1775320169426	1775320169438	OK	 
REQUEST		POST /api/gamey/play [beginner_bot 5 early]	1775320169425	1775320169439	OK	 
REQUEST		POST /api/gamey/play [random_bot 7 mid]	1775320169442	1775320169450	OK	 
USER	random_bot	END	1775320169451
REQUEST		POST /api/gamey/play [beginner_bot 7 late]	1775320169442	1775320169451	OK	 
USER	beginner_bot	END	1775320169452
USER	random_bot	START	1775320169635
USER	beginner_bot	START	1775320169635
REQUEST		POST /api/gamey/play [random_bot 5 early]	1775320169634	1775320169648	OK	 
REQUEST		POST /api/gamey/play [beginner_bot 5 early]	1775320169634	1775320169648	OK	 
REQUEST		POST /api/gamey/play [random_bot 7 mid]	1775320169650	1775320169659	OK	 
REQUEST		POST /api/gamey/play [beginner_bot 7 late]	1775320169650	1775320169660	OK	 
USER	random_bot	END	1775320169661
USER	beginner_bot	END	1775320169661
USER	medium_bot	START	1775320169698
REQUEST		POST /api/gamey/play [medium_bot 5 early]	1775320169697	1775320169707	OK	 
REQUEST		POST /api/gamey/play [medium_bot 7 mid]	1775320169707	1775320169713	OK	 
REQUEST		POST /api/gamey/play [medium_bot 7 late]	1775320169722	1775320169730	OK	 
USER	medium_bot	END	1775320169731
USER	beginner_bot	START	1775320169828
USER	random_bot	START	1775320169829
REQUEST		POST /api/gamey/play [random_bot 5 early]	1775320169827	1775320169838	OK	 
REQUEST		POST /api/gamey/play [beginner_bot 5 early]	1775320169827	1775320169839	OK	 
REQUEST		POST /api/gamey/play [random_bot 7 mid]	1775320169851	1775320169859	OK	 
USER	random_bot	END	1775320169860
REQUEST		POST /api/gamey/play [beginner_bot 7 late]	1775320169867	1775320169872	OK	 
USER	beginner_bot	END	1775320169873
USER	medium_bot	START	1775320170041
USER	random_bot	START	1775320170041
USER	beginner_bot	START	1775320170042
REQUEST		POST /api/gamey/play [beginner_bot 5 early]	1775320170041	1775320170054	OK	 
REQUEST		POST /api/gamey/play [medium_bot 5 early]	1775320170041	1775320170057	OK	 
REQUEST		POST /api/gamey/play [random_bot 5 early]	1775320170041	1775320170057	OK	 
REQUEST		POST /api/gamey/play [medium_bot 7 mid]	1775320170053	1775320170062	OK	 
REQUEST		POST /api/gamey/play [random_bot 7 mid]	1775320170051	1775320170065	OK	 
REQUEST		POST /api/gamey/play [beginner_bot 7 late]	1775320170051	1775320170066	OK	 
USER	random_bot	END	1775320170066
USER	beginner_bot	END	1775320170066
REQUEST		POST /api/gamey/play [medium_bot 7 late]	1775320170104	1775320170128	OK	 
USER	medium_bot	END	1775320170129
USER	random_bot	START	1775320170231
USER	beginner_bot	START	1775320170231
REQUEST		POST /api/gamey/play [random_bot 5 early]	1775320170230	1775320170242	OK	 
REQUEST		POST /api/gamey/play [beginner_bot 5 early]	1775320170230	1775320170242	OK	 
REQUEST		POST /api/gamey/play [beginner_bot 7 late]	1775320170262	1775320170270	OK	 
USER	beginner_bot	END	1775320170271
REQUEST		POST /api/gamey/play [random_bot 7 mid]	1775320170262	1775320170271	OK	 
USER	random_bot	END	1775320170274
USER	medium_bot	START	1775320170364
REQUEST		POST /api/gamey/play [medium_bot 5 early]	1775320170363	1775320170373	OK	 
REQUEST		POST /api/gamey/play [medium_bot 7 mid]	1775320170378	1775320170389	OK	 
USER	beginner_bot	START	1775320170431
USER	random_bot	START	1775320170431
REQUEST		POST /api/gamey/play [medium_bot 7 late]	1775320170423	1775320170431	OK	 
USER	medium_bot	END	1775320170431
REQUEST		POST /api/gamey/play [random_bot 5 early]	1775320170430	1775320170441	OK	 
REQUEST		POST /api/gamey/play [beginner_bot 5 early]	1775320170430	1775320170441	OK	 
REQUEST		POST /api/gamey/play [random_bot 7 mid]	1775320170446	1775320170453	OK	 
REQUEST		POST /api/gamey/play [beginner_bot 7 late]	1775320170446	1775320170454	OK	 
USER	random_bot	END	1775320170454
USER	beginner_bot	END	1775320170454
USER	beginner_bot	START	1775320170628
USER	random_bot	START	1775320170628
REQUEST		POST /api/gamey/play [random_bot 5 early]	1775320170627	1775320170645	OK	 
REQUEST		POST /api/gamey/play [beginner_bot 5 early]	1775320170626	1775320170645	OK	 
REQUEST		POST /api/gamey/play [beginner_bot 7 late]	1775320170657	1775320170666	OK	 
REQUEST		POST /api/gamey/play [random_bot 7 mid]	1775320170657	1775320170666	OK	 
USER	beginner_bot	END	1775320170666
USER	random_bot	END	1775320170666
USER	medium_bot	START	1775320170693
REQUEST		POST /api/gamey/play [medium_bot 5 early]	1775320170691	1775320170707	OK	 
REQUEST		POST /api/gamey/play [medium_bot 7 mid]	1775320170713	1775320170767	OK	 
REQUEST		POST /api/gamey/play [medium_bot 7 late]	1775320170784	1775320170801	OK	 
USER	medium_bot	END	1775320170801
USER	random_bot	START	1775320170827
USER	beginner_bot	START	1775320170827
REQUEST		POST /api/gamey/play [random_bot 5 early]	1775320170826	1775320170844	OK	 
REQUEST		POST /api/gamey/play [beginner_bot 5 early]	1775320170826	1775320170846	OK	 
REQUEST		POST /api/gamey/play [random_bot 7 mid]	1775320170851	1775320170861	OK	 
REQUEST		POST /api/gamey/play [beginner_bot 7 late]	1775320170851	1775320170861	OK	 
USER	beginner_bot	END	1775320170862
USER	random_bot	END	1775320170862
USER	random_bot	START	1775320171041
USER	beginner_bot	START	1775320171041
USER	medium_bot	START	1775320171042
REQUEST		POST /api/gamey/play [medium_bot 5 early]	1775320171041	1775320171063	OK	 
REQUEST		POST /api/gamey/play [random_bot 5 early]	1775320171040	1775320171064	OK	 
REQUEST		POST /api/gamey/play [beginner_bot 5 early]	1775320171040	1775320171064	OK	 
REQUEST		POST /api/gamey/play [medium_bot 7 mid]	1775320171062	1775320171082	OK	 
REQUEST		POST /api/gamey/play [beginner_bot 7 late]	1775320171062	1775320171082	OK	 
REQUEST		POST /api/gamey/play [random_bot 7 mid]	1775320171062	1775320171082	OK	 
USER	random_bot	END	1775320171083
USER	beginner_bot	END	1775320171083
REQUEST		POST /api/gamey/play [medium_bot 7 late]	1775320171080	1775320171105	OK	 
USER	medium_bot	END	1775320171106
USER	beginner_bot	START	1775320171224
USER	random_bot	START	1775320171224
REQUEST		POST /api/gamey/play [random_bot 5 early]	1775320171224	1775320171237	OK	 
REQUEST		POST /api/gamey/play [beginner_bot 5 early]	1775320171223	1775320171237	OK	 
REQUEST		POST /api/gamey/play [random_bot 7 mid]	1775320171254	1775320171269	OK	 
REQUEST		POST /api/gamey/play [beginner_bot 7 late]	1775320171257	1775320171269	OK	 
USER	random_bot	END	1775320171269
USER	beginner_bot	END	1775320171269
USER	medium_bot	START	1775320171398
USER	random_bot	START	1775320171436
USER	beginner_bot	START	1775320171439
REQUEST		POST /api/gamey/play [medium_bot 7 late]	1775320171461	1775320171509	OK	 
USER	medium_bot	END	1775320171511
REQUEST		POST /api/gamey/play [medium_bot 7 mid]	1775320171442	1775320171515	OK	 
REQUEST		POST /api/gamey/play [random_bot 7 mid]	1775320171470	1775320171516	OK	 
REQUEST		POST /api/gamey/play [beginner_bot 7 late]	1775320171471	1775320171518	OK	 
USER	random_bot	END	1775320171519
USER	beginner_bot	END	1775320171519
REQUEST		POST /api/gamey/play [random_bot 5 early]	1775320171436	1775320171550	OK	 
REQUEST		POST /api/gamey/play [medium_bot 5 early]	1775320171398	1775320171551	OK	 
REQUEST		POST /api/gamey/play [beginner_bot 5 early]	1775320171438	1775320171573	OK	 
USER	random_bot	START	1775320171630
USER	beginner_bot	START	1775320171648
USER	medium_bot	START	1775320171712
REQUEST		POST /api/gamey/play [beginner_bot 7 late]	1775320171666	1775320171716	OK	 
REQUEST		POST /api/gamey/play [random_bot 5 early]	1775320171630	1775320171717	OK	 
REQUEST		POST /api/gamey/play [random_bot 7 mid]	1775320171667	1775320171717	OK	 
USER	beginner_bot	END	1775320171717
USER	random_bot	END	1775320171717
REQUEST		POST /api/gamey/play [beginner_bot 5 early]	1775320171647	1775320171745	OK	 
REQUEST		POST /api/gamey/play [medium_bot 7 mid]	1775320171731	1775320171758	OK	 
REQUEST		POST /api/gamey/play [medium_bot 5 early]	1775320171711	1775320171782	OK	 
REQUEST		POST /api/gamey/play [medium_bot 7 late]	1775320171770	1775320171816	OK	 
USER	medium_bot	END	1775320171817
USER	random_bot	START	1775320171837
USER	beginner_bot	START	1775320171841
REQUEST		POST /api/gamey/play [random_bot 7 mid]	1775320171851	1775320171872	OK	 
USER	random_bot	END	1775320171874
REQUEST		POST /api/gamey/play [beginner_bot 7 late]	1775320171860	1775320171876	OK	 
USER	beginner_bot	END	1775320171877
REQUEST		POST /api/gamey/play [beginner_bot 5 early]	1775320171837	1775320171900	OK	 
REQUEST		POST /api/gamey/play [random_bot 5 early]	1775320171836	1775320171902	OK	 
USER	medium_bot	START	1775320172040
USER	beginner_bot	START	1775320172041
USER	random_bot	START	1775320172043
REQUEST		POST /api/gamey/play [beginner_bot 5 early]	1775320172040	1775320172060	OK	 
REQUEST		POST /api/gamey/play [medium_bot 5 early]	1775320172039	1775320172064	OK	 
REQUEST		POST /api/gamey/play [random_bot 5 early]	1775320172042	1775320172065	OK	 
REQUEST		POST /api/gamey/play [medium_bot 7 mid]	1775320172081	1775320172095	OK	 
REQUEST		POST /api/gamey/play [random_bot 7 mid]	1775320172079	1775320172095	OK	 
USER	random_bot	END	1775320172096
REQUEST		POST /api/gamey/play [beginner_bot 7 late]	1775320172080	1775320172097	OK	 
USER	beginner_bot	END	1775320172097
REQUEST		POST /api/gamey/play [medium_bot 7 late]	1775320172100	1775320172111	OK	 
USER	medium_bot	END	1775320172112
USER	random_bot	START	1775320172237
USER	beginner_bot	START	1775320172243
REQUEST		POST /api/gamey/play [random_bot 5 early]	1775320172236	1775320172270	OK	 
REQUEST		POST /api/gamey/play [beginner_bot 5 early]	1775320172243	1775320172285	OK	 
REQUEST		POST /api/gamey/play [beginner_bot 7 late]	1775320172260	1775320172286	OK	 
USER	beginner_bot	END	1775320172287
REQUEST		POST /api/gamey/play [random_bot 7 mid]	1775320172259	1775320172290	OK	 
USER	random_bot	END	1775320172310
USER	medium_bot	START	1775320172359
REQUEST		POST /api/gamey/play [medium_bot 5 early]	1775320172359	1775320172380	OK	 
USER	random_bot	START	1775320172477
USER	beginner_bot	START	1775320172493
REQUEST		POST /api/gamey/play [random_bot 5 early]	1775320172475	1775320172623	OK	 
USER	beginner_bot	START	1775320172628
REQUEST		POST /api/gamey/play [beginner_bot 5 early]	1775320172478	1775320172630	OK	 
USER	random_bot	START	1775320172633
REQUEST		POST /api/gamey/play [medium_bot 7 late]	1775320172606	1775320172634	OK	 
REQUEST		POST /api/gamey/play [medium_bot 7 mid]	1775320172608	1775320172635	OK	 
REQUEST		POST /api/gamey/play [random_bot 7 mid]	1775320172608	1775320172635	OK	 
USER	medium_bot	END	1775320172635
USER	random_bot	END	1775320172635
REQUEST		POST /api/gamey/play [beginner_bot 7 late]	1775320172624	1775320172639	OK	 
USER	beginner_bot	END	1775320172639
REQUEST		POST /api/gamey/play [random_bot 5 early]	1775320172631	1775320172652	OK	 
REQUEST		POST /api/gamey/play [beginner_bot 5 early]	1775320172628	1775320172652	OK	 
USER	medium_bot	START	1775320172707
REQUEST		POST /api/gamey/play [random_bot 7 mid]	1775320172732	1775320172750	OK	 
REQUEST		POST /api/gamey/play [medium_bot 5 early]	1775320172706	1775320172750	OK	 
USER	random_bot	END	1775320172751
REQUEST		POST /api/gamey/play [beginner_bot 7 late]	1775320172750	1775320172770	OK	 
USER	beginner_bot	END	1775320172771
REQUEST		POST /api/gamey/play [medium_bot 7 late]	1775320172768	1775320172789	OK	 
USER	medium_bot	END	1775320172790
USER	beginner_bot	START	1775320172836
USER	random_bot	START	1775320172838
REQUEST		POST /api/gamey/play [medium_bot 7 mid]	1775320172810	1775320172851	OK	 
REQUEST		POST /api/gamey/play [random_bot 5 early]	1775320172838	1775320172875	OK	 
REQUEST		POST /api/gamey/play [beginner_bot 5 early]	1775320172835	1775320172876	OK	 
REQUEST		POST /api/gamey/play [random_bot 7 mid]	1775320172913	1775320172921	OK	 
USER	random_bot	END	1775320172922
REQUEST		POST /api/gamey/play [beginner_bot 7 late]	1775320172913	1775320172922	OK	 
USER	beginner_bot	END	1775320172923
USER	random_bot	START	1775320173032
USER	beginner_bot	START	1775320173032
USER	medium_bot	START	1775320173032
REQUEST		POST /api/gamey/play [beginner_bot 5 early]	1775320173032	1775320173047	OK	 
REQUEST		POST /api/gamey/play [random_bot 5 early]	1775320173032	1775320173048	OK	 
REQUEST		POST /api/gamey/play [medium_bot 5 early]	1775320173032	1775320173049	OK	 
REQUEST		POST /api/gamey/play [beginner_bot 7 late]	1775320173062	1775320173071	OK	 
USER	beginner_bot	END	1775320173071
REQUEST		POST /api/gamey/play [random_bot 7 mid]	1775320173077	1775320173085	OK	 
REQUEST		POST /api/gamey/play [medium_bot 7 mid]	1775320173077	1775320173086	OK	 
USER	random_bot	END	1775320173086
REQUEST		POST /api/gamey/play [medium_bot 7 late]	1775320173101	1775320173108	OK	 
USER	medium_bot	END	1775320173109
USER	random_bot	START	1775320173229
USER	beginner_bot	START	1775320173229
REQUEST		POST /api/gamey/play [random_bot 5 early]	1775320173229	1775320173239	OK	 
REQUEST		POST /api/gamey/play [beginner_bot 5 early]	1775320173229	1775320173240	OK	 
REQUEST		POST /api/gamey/play [random_bot 7 mid]	1775320173276	1775320173283	OK	 
USER	random_bot	END	1775320173284
REQUEST		POST /api/gamey/play [beginner_bot 7 late]	1775320173291	1775320173298	OK	 
USER	beginner_bot	END	1775320173299
USER	medium_bot	START	1775320173363
REQUEST		POST /api/gamey/play [medium_bot 5 early]	1775320173363	1775320173374	OK	 
REQUEST		POST /api/gamey/play [medium_bot 7 mid]	1775320173387	1775320173394	OK	 
USER	random_bot	START	1775320173427
USER	beginner_bot	START	1775320173428
REQUEST		POST /api/gamey/play [random_bot 5 early]	1775320173426	1775320173438	OK	 
REQUEST		POST /api/gamey/play [beginner_bot 5 early]	1775320173427	1775320173439	OK	 
USER	random_bot	START	1775320173677
USER	beginner_bot	START	1775320173677
USER	medium_bot	START	1775320173697
REQUEST		POST /api/gamey/play [beginner_bot 7 late]	1775320173679	1775320173709	OK	 
REQUEST		POST /api/gamey/play [random_bot 7 mid]	1775320173679	1775320173710	OK	 
USER	random_bot	END	1775320173710
USER	beginner_bot	END	1775320173710
REQUEST		POST /api/gamey/play [beginner_bot 7 late]	1775320173678	1775320173711	OK	 
USER	beginner_bot	END	1775320173712
REQUEST		POST /api/gamey/play [beginner_bot 5 early]	1775320173676	1775320173722	OK	 
REQUEST		POST /api/gamey/play [medium_bot 5 early]	1775320173697	1775320173728	OK	 
REQUEST		POST /api/gamey/play [random_bot 7 mid]	1775320173679	1775320173728	OK	 
REQUEST		POST /api/gamey/play [medium_bot 7 late]	1775320173679	1775320173728	OK	 
USER	random_bot	END	1775320173728
REQUEST		POST /api/gamey/play [random_bot 5 early]	1775320173677	1775320173728	OK	 
USER	medium_bot	END	1775320173729
USER	beginner_bot	START	1775320173830
USER	random_bot	START	1775320173837
REQUEST		POST /api/gamey/play [medium_bot 7 mid]	1775320173829	1775320173837	OK	 
REQUEST		POST /api/gamey/play [beginner_bot 5 early]	1775320173830	1775320173842	OK	 
REQUEST		POST /api/gamey/play [random_bot 5 early]	1775320173836	1775320173849	OK	 
REQUEST		POST /api/gamey/play [medium_bot 7 late]	1775320173867	1775320173876	OK	 
USER	medium_bot	END	1775320173877
REQUEST		POST /api/gamey/play [random_bot 7 mid]	1775320173884	1775320173895	OK	 
REQUEST		POST /api/gamey/play [beginner_bot 7 late]	1775320173884	1775320173895	OK	 
USER	random_bot	END	1775320173895
USER	beginner_bot	END	1775320173896
USER	random_bot	START	1775320174043
USER	medium_bot	START	1775320174043
USER	beginner_bot	START	1775320174043
REQUEST		POST /api/gamey/play [random_bot 5 early]	1775320174042	1775320174058	OK	 
REQUEST		POST /api/gamey/play [medium_bot 5 early]	1775320174042	1775320174060	OK	 
REQUEST		POST /api/gamey/play [beginner_bot 5 early]	1775320174042	1775320174061	OK	 
USER	random_bot	START	1775320174229
USER	beginner_bot	START	1775320174232
REQUEST		POST /api/gamey/play [random_bot 7 mid]	1775320174062	1775320174248	OK	 
REQUEST		POST /api/gamey/play [medium_bot 7 mid]	1775320174062	1775320174248	OK	 
REQUEST		POST /api/gamey/play [beginner_bot 7 late]	1775320174062	1775320174248	OK	 
USER	random_bot	END	1775320174249
USER	beginner_bot	END	1775320174249
REQUEST		POST /api/gamey/play [medium_bot 7 late]	1775320174248	1775320174291	OK	 
REQUEST		POST /api/gamey/play [beginner_bot 7 late]	1775320174253	1775320174296	OK	 
REQUEST		POST /api/gamey/play [random_bot 7 mid]	1775320174252	1775320174297	OK	 
REQUEST		POST /api/gamey/play [random_bot 5 early]	1775320174229	1775320174297	OK	 
REQUEST		POST /api/gamey/play [beginner_bot 5 early]	1775320174231	1775320174298	OK	 
USER	medium_bot	END	1775320174301
USER	beginner_bot	END	1775320174301
USER	random_bot	END	1775320174301
USER	medium_bot	START	1775320174365
REQUEST		POST /api/gamey/play [medium_bot 5 early]	1775320174364	1775320174392	OK	 
REQUEST		POST /api/gamey/play [medium_bot 7 mid]	1775320174391	1775320174408	OK	 
USER	beginner_bot	START	1775320174431
USER	random_bot	START	1775320174433
REQUEST		POST /api/gamey/play [medium_bot 7 late]	1775320174422	1775320174459	OK	 
USER	medium_bot	END	1775320174459
REQUEST		POST /api/gamey/play [beginner_bot 7 late]	1775320174462	1775320174485	OK	 
USER	beginner_bot	END	1775320174492
REQUEST		POST /api/gamey/play [random_bot 7 mid]	1775320174463	1775320174501	OK	 
USER	random_bot	END	1775320174501
REQUEST		POST /api/gamey/play [beginner_bot 5 early]	1775320174431	1775320174502	OK	 
REQUEST		POST /api/gamey/play [random_bot 5 early]	1775320174433	1775320174503	OK	 
USER	random_bot	START	1775320174625
USER	beginner_bot	START	1775320174625
REQUEST		POST /api/gamey/play [random_bot 5 early]	1775320174624	1775320174636	OK	 
REQUEST		POST /api/gamey/play [beginner_bot 5 early]	1775320174624	1775320174651	OK	 
USER	medium_bot	START	1775320174705
REQUEST		POST /api/gamey/play [medium_bot 5 early]	1775320174704	1775320174715	OK	 
REQUEST		POST /api/gamey/play [beginner_bot 7 late]	1775320174727	1775320174734	OK	 
USER	beginner_bot	END	1775320174735
REQUEST		POST /api/gamey/play [medium_bot 7 mid]	1775320174736	1775320174743	OK	 
REQUEST		POST /api/gamey/play [random_bot 7 mid]	1775320174736	1775320174744	OK	 
USER	random_bot	END	1775320174744
USER	beginner_bot	START	1775320174830
USER	random_bot	START	1775320174830
REQUEST		POST /api/gamey/play [random_bot 5 early]	1775320174829	1775320174842	OK	 
REQUEST		POST /api/gamey/play [beginner_bot 5 early]	1775320174829	1775320174842	OK	 
REQUEST		POST /api/gamey/play [beginner_bot 7 late]	1775320174845	1775320174852	OK	 
USER	beginner_bot	END	1775320174853
REQUEST		POST /api/gamey/play [medium_bot 7 late]	1775320174845	1775320174854	OK	 
USER	medium_bot	END	1775320174855
REQUEST		POST /api/gamey/play [random_bot 7 mid]	1775320174860	1775320174867	OK	 
USER	random_bot	END	1775320174868
USER	medium_bot	START	1775320175033
USER	random_bot	START	1775320175036
USER	beginner_bot	START	1775320175050
REQUEST		POST /api/gamey/play [random_bot 7 mid]	1775320175090	1775320175133	OK	 
USER	random_bot	END	1775320175134
REQUEST		POST /api/gamey/play [medium_bot 7 mid]	1775320175088	1775320175134	OK	 
REQUEST		POST /api/gamey/play [beginner_bot 5 early]	1775320175038	1775320175167	OK	 
REQUEST		POST /api/gamey/play [random_bot 5 early]	1775320175035	1775320175168	OK	 
REQUEST		POST /api/gamey/play [medium_bot 5 early]	1775320175031	1775320175169	OK	 
REQUEST		POST /api/gamey/play [beginner_bot 7 late]	1775320175089	1775320175185	OK	 
USER	beginner_bot	END	1775320175185
USER	beginner_bot	START	1775320175233
USER	random_bot	START	1775320175235
REQUEST		POST /api/gamey/play [beginner_bot 5 early]	1775320175233	1775320175273	OK	 
REQUEST		POST /api/gamey/play [medium_bot 7 late]	1775320175255	1775320175275	OK	 
USER	medium_bot	END	1775320175276
REQUEST		POST /api/gamey/play [random_bot 5 early]	1775320175235	1775320175277	OK	 
USER	beginner_bot	START	1775320175426
REQUEST		POST /api/gamey/play [random_bot 7 mid]	1775320175308	1775320175431	OK	 
REQUEST		POST /api/gamey/play [beginner_bot 7 late]	1775320175306	1775320175431	OK	 
USER	random_bot	END	1775320175432
USER	beginner_bot	END	1775320175432
USER	random_bot	START	1775320175437
USER	medium_bot	START	1775320175442
REQUEST		POST /api/gamey/play [medium_bot 7 late]	1775320175418	1775320175455	OK	 
REQUEST		POST /api/gamey/play [medium_bot 7 mid]	1775320175425	1775320175456	OK	 
USER	medium_bot	END	1775320175456
REQUEST		POST /api/gamey/play [beginner_bot 5 early]	1775320175424	1775320175483	OK	 
REQUEST		POST /api/gamey/play [random_bot 5 early]	1775320175436	1775320175526	OK	 
REQUEST		POST /api/gamey/play [medium_bot 5 early]	1775320175441	1775320175527	OK	 
REQUEST		POST /api/gamey/play [random_bot 7 mid]	1775320175525	1775320175591	OK	 
REQUEST		POST /api/gamey/play [beginner_bot 7 late]	1775320175528	1775320175591	OK	 
USER	beginner_bot	END	1775320175592
USER	random_bot	END	1775320175592
USER	beginner_bot	START	1775320175631
USER	random_bot	START	1775320175631
REQUEST		POST /api/gamey/play [random_bot 7 mid]	1775320175663	1775320175681	OK	 
USER	random_bot	END	1775320175682
USER	medium_bot	START	1775320175743
REQUEST		POST /api/gamey/play [beginner_bot 5 early]	1775320175630	1775320175775	OK	 
REQUEST		POST /api/gamey/play [random_bot 5 early]	1775320175630	1775320175775	OK	 
REQUEST		POST /api/gamey/play [beginner_bot 7 late]	1775320175688	1775320175788	OK	 
USER	beginner_bot	END	1775320175792
REQUEST		POST /api/gamey/play [medium_bot 7 mid]	1775320175757	1775320175819	OK	 
USER	random_bot	START	1775320175832
USER	beginner_bot	START	1775320175832
REQUEST		POST /api/gamey/play [medium_bot 7 late]	1775320175806	1775320175846	OK	 
USER	medium_bot	END	1775320175847
REQUEST		POST /api/gamey/play [medium_bot 5 early]	1775320175742	1775320175881	OK	 
REQUEST		POST /api/gamey/play [random_bot 5 early]	1775320175831	1775320175903	OK	 
REQUEST		POST /api/gamey/play [beginner_bot 5 early]	1775320175831	1775320175935	OK	 
REQUEST		POST /api/gamey/play [beginner_bot 7 late]	1775320175879	1775320175938	OK	 
USER	beginner_bot	END	1775320175941
REQUEST		POST /api/gamey/play [random_bot 7 mid]	1775320175878	1775320175968	OK	 
USER	random_bot	END	1775320175970
USER	beginner_bot	START	1775320176028
USER	random_bot	START	1775320176035
USER	medium_bot	START	1775320176035
REQUEST		POST /api/gamey/play [beginner_bot 5 early]	1775320176027	1775320176058	OK	 
REQUEST		POST /api/gamey/play [random_bot 5 early]	1775320176033	1775320176059	OK	 
REQUEST		POST /api/gamey/play [medium_bot 5 early]	1775320176033	1775320176067	OK	 
REQUEST		POST /api/gamey/play [medium_bot 7 late]	1775320176139	1775320176150	OK	 
USER	medium_bot	END	1775320176151
REQUEST		POST /api/gamey/play [beginner_bot 7 late]	1775320176171	1775320176181	OK	 
USER	beginner_bot	END	1775320176182
REQUEST		POST /api/gamey/play [medium_bot 7 mid]	1775320176170	1775320176182	OK	 
REQUEST		POST /api/gamey/play [random_bot 7 mid]	1775320176170	1775320176183	OK	 
USER	random_bot	END	1775320176184
USER	random_bot	START	1775320176226
USER	beginner_bot	START	1775320176226
REQUEST		POST /api/gamey/play [beginner_bot 5 early]	1775320176225	1775320176237	OK	 
REQUEST		POST /api/gamey/play [random_bot 5 early]	1775320176225	1775320176240	OK	 
REQUEST		POST /api/gamey/play [beginner_bot 7 late]	1775320176280	1775320176288	OK	 
USER	beginner_bot	END	1775320176289
REQUEST		POST /api/gamey/play [random_bot 7 mid]	1775320176280	1775320176291	OK	 
USER	random_bot	END	1775320176291
USER	medium_bot	START	1775320176367
REQUEST		POST /api/gamey/play [medium_bot 5 early]	1775320176367	1775320176378	OK	 
USER	beginner_bot	START	1775320176431
USER	random_bot	START	1775320176431
REQUEST		POST /api/gamey/play [beginner_bot 5 early]	1775320176431	1775320176443	OK	 
REQUEST		POST /api/gamey/play [random_bot 5 early]	1775320176431	1775320176444	OK	 
REQUEST		POST /api/gamey/play [medium_bot 7 late]	1775320176461	1775320176467	OK	 
USER	medium_bot	END	1775320176468
REQUEST		POST /api/gamey/play [beginner_bot 7 late]	1775320176493	1775320176503	OK	 
USER	beginner_bot	END	1775320176504
REQUEST		POST /api/gamey/play [medium_bot 7 mid]	1775320176533	1775320176551	OK	 
REQUEST		POST /api/gamey/play [random_bot 7 mid]	1775320176532	1775320176558	OK	 
USER	random_bot	END	1775320176559
USER	random_bot	START	1775320176636
USER	beginner_bot	START	1775320176636
REQUEST		POST /api/gamey/play [random_bot 5 early]	1775320176635	1775320176646	OK	 
REQUEST		POST /api/gamey/play [beginner_bot 5 early]	1775320176635	1775320176648	OK	 
USER	medium_bot	START	1775320176690
REQUEST		POST /api/gamey/play [medium_bot 5 early]	1775320176690	1775320176700	OK	 
REQUEST		POST /api/gamey/play [random_bot 7 mid]	1775320176787	1775320176794	OK	 
USER	random_bot	END	1775320176795
REQUEST		POST /api/gamey/play [beginner_bot 7 late]	1775320176787	1775320176795	OK	 
USER	beginner_bot	END	1775320176796
REQUEST		POST /api/gamey/play [medium_bot 7 late]	1775320176821	1775320176827	OK	 
USER	medium_bot	END	1775320176828
USER	random_bot	START	1775320176829
USER	beginner_bot	START	1775320176829
REQUEST		POST /api/gamey/play [random_bot 5 early]	1775320176828	1775320176839	OK	 
REQUEST		POST /api/gamey/play [beginner_bot 5 early]	1775320176828	1775320176839	OK	 
REQUEST		POST /api/gamey/play [medium_bot 7 mid]	1775320176884	1775320176891	OK	 
REQUEST		POST /api/gamey/play [random_bot 7 mid]	1775320176915	1775320176921	OK	 
USER	random_bot	END	1775320176922
REQUEST		POST /api/gamey/play [beginner_bot 7 late]	1775320176947	1775320176954	OK	 
USER	beginner_bot	END	1775320176954
USER	medium_bot	START	1775320177025
USER	beginner_bot	START	1775320177025
REQUEST		POST /api/gamey/play [medium_bot 5 early]	1775320177025	1775320177034	OK	 
REQUEST		POST /api/gamey/play [beginner_bot 5 early]	1775320177025	1775320177035	OK	 
USER	random_bot	START	1775320177050
REQUEST		POST /api/gamey/play [random_bot 5 early]	1775320177050	1775320177059	OK	 
REQUEST		POST /api/gamey/play [beginner_bot 7 late]	1775320177064	1775320177073	OK	 
USER	beginner_bot	END	1775320177153
REQUEST		POST /api/gamey/play [random_bot 7 mid]	1775320177065	1775320177156	OK	 
USER	random_bot	END	1775320177158
REQUEST		POST /api/gamey/play [medium_bot 7 mid]	1775320177152	1775320177165	OK	 
REQUEST		POST /api/gamey/play [medium_bot 7 late]	1775320177189	1775320177196	OK	 
USER	medium_bot	END	1775320177196
USER	random_bot	START	1775320177232
USER	beginner_bot	START	1775320177233
REQUEST		POST /api/gamey/play [beginner_bot 7 late]	1775320177248	1775320177265	OK	 
USER	beginner_bot	END	1775320177266
REQUEST		POST /api/gamey/play [random_bot 7 mid]	1775320177247	1775320177267	OK	 
USER	random_bot	END	1775320177267
REQUEST		POST /api/gamey/play [beginner_bot 5 early]	1775320177232	1775320177301	OK	 
REQUEST		POST /api/gamey/play [random_bot 5 early]	1775320177231	1775320177302	OK	 
USER	medium_bot	START	1775320177365
REQUEST		POST /api/gamey/play [medium_bot 5 early]	1775320177364	1775320177393	OK	 
REQUEST		POST /api/gamey/play [medium_bot 7 mid]	1775320177383	1775320177397	OK	 
USER	random_bot	START	1775320177429
USER	beginner_bot	START	1775320177435
REQUEST		POST /api/gamey/play [random_bot 5 early]	1775320177429	1775320177473	OK	 
REQUEST		POST /api/gamey/play [beginner_bot 7 late]	1775320177457	1775320177474	OK	 
REQUEST		POST /api/gamey/play [beginner_bot 5 early]	1775320177435	1775320177474	OK	 
USER	beginner_bot	END	1775320177475
REQUEST		POST /api/gamey/play [random_bot 7 mid]	1775320177456	1775320177476	OK	 
USER	random_bot	END	1775320177476
REQUEST		POST /api/gamey/play [medium_bot 7 late]	1775320177577	1775320177593	OK	 
USER	medium_bot	END	1775320177594
USER	beginner_bot	START	1775320177633
USER	random_bot	START	1775320177633
REQUEST		POST /api/gamey/play [random_bot 5 early]	1775320177632	1775320177642	OK	 
REQUEST		POST /api/gamey/play [beginner_bot 5 early]	1775320177632	1775320177643	OK	 
REQUEST		POST /api/gamey/play [random_bot 7 mid]	1775320177647	1775320177654	OK	 
USER	random_bot	END	1775320177656
REQUEST		POST /api/gamey/play [beginner_bot 7 late]	1775320177658	1775320177666	OK	 
USER	beginner_bot	END	1775320177667
USER	medium_bot	START	1775320177697
REQUEST		POST /api/gamey/play [medium_bot 5 early]	1775320177696	1775320177706	OK	 
REQUEST		POST /api/gamey/play [medium_bot 7 mid]	1775320177711	1775320177719	OK	 
USER	beginner_bot	START	1775320177823
REQUEST		POST /api/gamey/play [beginner_bot 5 early]	1775320177823	1775320177835	OK	 
USER	random_bot	START	1775320177839
REQUEST		POST /api/gamey/play [random_bot 5 early]	1775320177838	1775320177848	OK	 
REQUEST		POST /api/gamey/play [random_bot 7 mid]	1775320177853	1775320177862	OK	 
USER	random_bot	END	1775320177862
REQUEST		POST /api/gamey/play [beginner_bot 7 late]	1775320177853	1775320177863	OK	 
USER	beginner_bot	END	1775320177863
REQUEST		POST /api/gamey/play [medium_bot 7 late]	1775320177894	1775320177900	OK	 
USER	medium_bot	END	1775320177901
USER	beginner_bot	START	1775320178089
USER	random_bot	START	1775320178093
USER	medium_bot	START	1775320178096
REQUEST		POST /api/gamey/play [medium_bot 7 mid]	1775320178093	1775320178116	OK	 
REQUEST		POST /api/gamey/play [random_bot 7 mid]	1775320178093	1775320178117	OK	 
USER	random_bot	END	1775320178117
REQUEST		POST /api/gamey/play [beginner_bot 7 late]	1775320178093	1775320178117	OK	 
USER	beginner_bot	END	1775320178118
REQUEST		POST /api/gamey/play [random_bot 5 early]	1775320178093	1775320178134	OK	 
REQUEST		POST /api/gamey/play [beginner_bot 5 early]	1775320178088	1775320178134	OK	 
REQUEST		POST /api/gamey/play [medium_bot 5 early]	1775320178095	1775320178137	OK	 
USER	random_bot	START	1775320178244
USER	beginner_bot	START	1775320178310
USER	medium_bot	START	1775320178362
REQUEST		POST /api/gamey/play [random_bot 7 mid]	1775320178327	1775320178383	OK	 
REQUEST		POST /api/gamey/play [medium_bot 7 late]	1775320178323	1775320178383	OK	 
USER	random_bot	END	1775320178384
USER	medium_bot	END	1775320178384
REQUEST		POST /api/gamey/play [medium_bot 5 early]	1775320178360	1775320178400	OK	 
REQUEST		POST /api/gamey/play [beginner_bot 5 early]	1775320178303	1775320178400	OK	 
REQUEST		POST /api/gamey/play [random_bot 5 early]	1775320178243	1775320178402	OK	 
USER	beginner_bot	START	1775320178428
USER	random_bot	START	1775320178428
REQUEST		POST /api/gamey/play [medium_bot 7 late]	1775320178403	1775320178430	OK	 
REQUEST		POST /api/gamey/play [medium_bot 7 mid]	1775320178403	1775320178431	OK	 
USER	medium_bot	END	1775320178431
REQUEST		POST /api/gamey/play [random_bot 5 early]	1775320178427	1775320178451	OK	 
REQUEST		POST /api/gamey/play [beginner_bot 5 early]	1775320178427	1775320178452	OK	 
REQUEST		POST /api/gamey/play [beginner_bot 7 late]	1775320178333	1775320178453	OK	 
USER	beginner_bot	END	1775320178454
REQUEST		POST /api/gamey/play [random_bot 7 mid]	1775320178474	1775320178481	OK	 
USER	random_bot	END	1775320178482
REQUEST		POST /api/gamey/play [beginner_bot 7 late]	1775320178491	1775320178499	OK	 
USER	beginner_bot	END	1775320178500
USER	beginner_bot	START	1775320178626
USER	random_bot	START	1775320178627
REQUEST		POST /api/gamey/play [random_bot 5 early]	1775320178627	1775320178662	OK	 
REQUEST		POST /api/gamey/play [beginner_bot 5 early]	1775320178626	1775320178662	OK	 
REQUEST		POST /api/gamey/play [random_bot 7 mid]	1775320178652	1775320178663	OK	 
REQUEST		POST /api/gamey/play [beginner_bot 7 late]	1775320178651	1775320178663	OK	 
USER	random_bot	END	1775320178663
USER	beginner_bot	END	1775320178663
USER	medium_bot	START	1775320178693
REQUEST		POST /api/gamey/play [medium_bot 5 early]	1775320178692	1775320178721	OK	 
REQUEST		POST /api/gamey/play [medium_bot 7 mid]	1775320178718	1775320178738	OK	 
REQUEST		POST /api/gamey/play [medium_bot 7 late]	1775320178730	1775320178743	OK	 
USER	medium_bot	END	1775320178744
USER	beginner_bot	START	1775320178825
USER	random_bot	START	1775320178826
REQUEST		POST /api/gamey/play [beginner_bot 5 early]	1775320178824	1775320178835	OK	 
REQUEST		POST /api/gamey/play [random_bot 5 early]	1775320178825	1775320178836	OK	 
REQUEST		POST /api/gamey/play [beginner_bot 7 late]	1775320178840	1775320178847	OK	 
USER	beginner_bot	END	1775320178847
REQUEST		POST /api/gamey/play [random_bot 7 mid]	1775320178855	1775320178865	OK	 
USER	random_bot	END	1775320178866
USER	random_bot	START	1775320179035
USER	medium_bot	START	1775320179035
USER	beginner_bot	START	1775320179044
REQUEST		POST /api/gamey/play [medium_bot 5 early]	1775320179034	1775320179053	OK	 
REQUEST		POST /api/gamey/play [random_bot 5 early]	1775320179034	1775320179053	OK	 
REQUEST		POST /api/gamey/play [beginner_bot 5 early]	1775320179043	1775320179054	OK	 
REQUEST		POST /api/gamey/play [medium_bot 7 late]	1775320179123	1775320179129	OK	 
USER	medium_bot	END	1775320179129
REQUEST		POST /api/gamey/play [beginner_bot 7 late]	1775320179138	1775320179148	OK	 
REQUEST		POST /api/gamey/play [medium_bot 7 mid]	1775320179138	1775320179149	OK	 
USER	beginner_bot	END	1775320179149
REQUEST		POST /api/gamey/play [random_bot 7 mid]	1775320179138	1775320179150	OK	 
USER	random_bot	END	1775320179151
USER	random_bot	START	1775320179225
USER	beginner_bot	START	1775320179225
REQUEST		POST /api/gamey/play [beginner_bot 5 early]	1775320179224	1775320179235	OK	 
REQUEST		POST /api/gamey/play [random_bot 5 early]	1775320179224	1775320179235	OK	 
USER	medium_bot	START	1775320179360
REQUEST		POST /api/gamey/play [medium_bot 5 early]	1775320179360	1775320179369	OK	 
USER	random_bot	START	1775320179425
USER	beginner_bot	START	1775320179426
REQUEST		POST /api/gamey/play [random_bot 7 mid]	1775320179414	1775320179427	OK	 
USER	random_bot	END	1775320179428
REQUEST		POST /api/gamey/play [medium_bot 7 mid]	1775320179414	1775320179428	OK	 
REQUEST		POST /api/gamey/play [beginner_bot 7 late]	1775320179414	1775320179428	OK	 
USER	beginner_bot	END	1775320179429
REQUEST		POST /api/gamey/play [medium_bot 7 late]	1775320179432	1775320179449	OK	 
USER	medium_bot	END	1775320179449
REQUEST		POST /api/gamey/play [random_bot 5 early]	1775320179424	1775320179450	OK	 
REQUEST		POST /api/gamey/play [beginner_bot 5 early]	1775320179425	1775320179451	OK	 
REQUEST		POST /api/gamey/play [beginner_bot 7 late]	1775320179460	1775320179471	OK	 
USER	beginner_bot	END	1775320179471
REQUEST		POST /api/gamey/play [random_bot 7 mid]	1775320179461	1775320179477	OK	 
USER	random_bot	END	1775320179478
USER	random_bot	START	1775320179650
USER	beginner_bot	START	1775320179652
REQUEST		POST /api/gamey/play [random_bot 5 early]	1775320179649	1775320179694	OK	 
REQUEST		POST /api/gamey/play [beginner_bot 7 late]	1775320179668	1775320179695	OK	 
USER	beginner_bot	END	1775320179696
REQUEST		POST /api/gamey/play [random_bot 7 mid]	1775320179668	1775320179697	OK	 
USER	random_bot	END	1775320179698
REQUEST		POST /api/gamey/play [beginner_bot 5 early]	1775320179652	1775320179698	OK	 
USER	medium_bot	START	1775320179707
REQUEST		POST /api/gamey/play [medium_bot 7 mid]	1775320179737	1775320179748	OK	 
REQUEST		POST /api/gamey/play [medium_bot 5 early]	1775320179706	1775320179748	OK	 
REQUEST		POST /api/gamey/play [medium_bot 7 late]	1775320179747	1775320179764	OK	 
USER	medium_bot	END	1775320179765
USER	random_bot	START	1775320179861
USER	beginner_bot	START	1775320179863
REQUEST		POST /api/gamey/play [beginner_bot 7 late]	1775320179837	1775320179887	OK	 
USER	beginner_bot	END	1775320179888
REQUEST		POST /api/gamey/play [random_bot 7 mid]	1775320179861	1775320179888	OK	 
USER	random_bot	END	1775320179889
REQUEST		POST /api/gamey/play [random_bot 5 early]	1775320179838	1775320179902	OK	 
REQUEST		POST /api/gamey/play [beginner_bot 5 early]	1775320179861	1775320179903	OK	 
USER	beginner_bot	START	1775320180035
USER	medium_bot	START	1775320180035
USER	random_bot	START	1775320180036
REQUEST		POST /api/gamey/play [medium_bot 5 early]	1775320180035	1775320180066	OK	 
REQUEST		POST /api/gamey/play [random_bot 5 early]	1775320180035	1775320180077	OK	 
REQUEST		POST /api/gamey/play [beginner_bot 5 early]	1775320180034	1775320180085	OK	 
REQUEST		POST /api/gamey/play [medium_bot 7 mid]	1775320180073	1775320180099	OK	 
REQUEST		POST /api/gamey/play [random_bot 7 mid]	1775320180073	1775320180099	OK	 
USER	random_bot	END	1775320180100
REQUEST		POST /api/gamey/play [beginner_bot 7 late]	1775320180071	1775320180139	OK	 
USER	beginner_bot	END	1775320180140
REQUEST		POST /api/gamey/play [medium_bot 7 late]	1775320180150	1775320180162	OK	 
USER	medium_bot	END	1775320180163
USER	random_bot	START	1775320180237
USER	beginner_bot	START	1775320180237
REQUEST		POST /api/gamey/play [beginner_bot 7 late]	1775320180237	1775320180244	OK	 
USER	beginner_bot	END	1775320180245
REQUEST		POST /api/gamey/play [random_bot 7 mid]	1775320180237	1775320180246	OK	 
USER	random_bot	END	1775320180247
REQUEST		POST /api/gamey/play [random_bot 5 early]	1775320180237	1775320180250	OK	 
REQUEST		POST /api/gamey/play [beginner_bot 5 early]	1775320180237	1775320180251	OK	 
USER	medium_bot	START	1775320180364
REQUEST		POST /api/gamey/play [medium_bot 5 early]	1775320180363	1775320180372	OK	 
REQUEST		POST /api/gamey/play [medium_bot 7 mid]	1775320180372	1775320180379	OK	 
USER	beginner_bot	START	1775320180435
USER	random_bot	START	1775320180436
REQUEST		POST /api/gamey/play [medium_bot 7 late]	1775320180435	1775320180442	OK	 
USER	medium_bot	END	1775320180442
REQUEST		POST /api/gamey/play [random_bot 5 early]	1775320180435	1775320180447	OK	 
REQUEST		POST /api/gamey/play [beginner_bot 5 early]	1775320180435	1775320180448	OK	 
REQUEST		POST /api/gamey/play [random_bot 7 mid]	1775320180467	1775320180474	OK	 
USER	random_bot	END	1775320180475
REQUEST		POST /api/gamey/play [beginner_bot 7 late]	1775320180467	1775320180475	OK	 
USER	beginner_bot	END	1775320180475
USER	beginner_bot	START	1775320180629
USER	random_bot	START	1775320180631
REQUEST		POST /api/gamey/play [random_bot 5 early]	1775320180631	1775320180642	OK	 
REQUEST		POST /api/gamey/play [beginner_bot 5 early]	1775320180629	1775320180642	OK	 
USER	medium_bot	START	1775320180694
REQUEST		POST /api/gamey/play [medium_bot 5 early]	1775320180693	1775320180704	OK	 
REQUEST		POST /api/gamey/play [beginner_bot 7 late]	1775320180709	1775320180717	OK	 
REQUEST		POST /api/gamey/play [random_bot 7 mid]	1775320180709	1775320180717	OK	 
USER	beginner_bot	END	1775320180718
USER	random_bot	END	1775320180718
REQUEST		POST /api/gamey/play [medium_bot 7 mid]	1775320180756	1775320180764	OK	 
REQUEST		POST /api/gamey/play [medium_bot 7 late]	1775320180756	1775320180764	OK	 
USER	medium_bot	END	1775320180765
USER	random_bot	START	1775320180827
USER	beginner_bot	START	1775320180828
REQUEST		POST /api/gamey/play [random_bot 5 early]	1775320180827	1775320180838	OK	 
REQUEST		POST /api/gamey/play [beginner_bot 5 early]	1775320180827	1775320180840	OK	 
REQUEST		POST /api/gamey/play [random_bot 7 mid]	1775320180915	1775320180926	OK	 
USER	random_bot	END	1775320180927
REQUEST		POST /api/gamey/play [beginner_bot 7 late]	1775320180915	1775320180927	OK	 
USER	beginner_bot	END	1775320180928
USER	beginner_bot	START	1775320181036
USER	medium_bot	START	1775320181037
USER	random_bot	START	1775320181037
REQUEST		POST /api/gamey/play [random_bot 5 early]	1775320181036	1775320181051	OK	 
REQUEST		POST /api/gamey/play [beginner_bot 5 early]	1775320181036	1775320181052	OK	 
REQUEST		POST /api/gamey/play [medium_bot 5 early]	1775320181036	1775320181052	OK	 
REQUEST		POST /api/gamey/play [medium_bot 7 mid]	1775320181069	1775320181076	OK	 
REQUEST		POST /api/gamey/play [random_bot 7 mid]	1775320181084	1775320181089	OK	 
USER	random_bot	END	1775320181090
REQUEST		POST /api/gamey/play [beginner_bot 7 late]	1775320181093	1775320181099	OK	 
USER	beginner_bot	END	1775320181100
REQUEST		POST /api/gamey/play [medium_bot 7 late]	1775320181108	1775320181113	OK	 
USER	medium_bot	END	1775320181114
USER	beginner_bot	START	1775320181230
USER	random_bot	START	1775320181230
REQUEST		POST /api/gamey/play [beginner_bot 5 early]	1775320181229	1775320181250	OK	 
REQUEST		POST /api/gamey/play [random_bot 5 early]	1775320181229	1775320181251	OK	 
REQUEST		POST /api/gamey/play [beginner_bot 7 late]	1775320181253	1775320181260	OK	 
USER	beginner_bot	END	1775320181261
REQUEST		POST /api/gamey/play [random_bot 7 mid]	1775320181253	1775320181263	OK	 
USER	random_bot	END	1775320181264
USER	medium_bot	START	1775320181371
REQUEST		POST /api/gamey/play [medium_bot 5 early]	1775320181370	1775320181381	OK	 
REQUEST		POST /api/gamey/play [medium_bot 7 mid]	1775320181385	1775320181392	OK	 
REQUEST		POST /api/gamey/play [medium_bot 7 late]	1775320181385	1775320181393	OK	 
USER	medium_bot	END	1775320181394
USER	random_bot	START	1775320181427
USER	beginner_bot	START	1775320181427
REQUEST		POST /api/gamey/play [random_bot 5 early]	1775320181426	1775320181436	OK	 
REQUEST		POST /api/gamey/play [beginner_bot 5 early]	1775320181426	1775320181437	OK	 
REQUEST		POST /api/gamey/play [beginner_bot 7 late]	1775320181450	1775320181456	OK	 
REQUEST		POST /api/gamey/play [random_bot 7 mid]	1775320181450	1775320181457	OK	 
USER	beginner_bot	END	1775320181457
USER	random_bot	END	1775320181457
USER	random_bot	START	1775320181628
USER	beginner_bot	START	1775320181628
REQUEST		POST /api/gamey/play [beginner_bot 5 early]	1775320181628	1775320181638	OK	 
REQUEST		POST /api/gamey/play [random_bot 5 early]	1775320181628	1775320181639	OK	 
REQUEST		POST /api/gamey/play [random_bot 7 mid]	1775320181644	1775320181651	OK	 
USER	random_bot	END	1775320181651
REQUEST		POST /api/gamey/play [beginner_bot 7 late]	1775320181643	1775320181653	OK	 
USER	beginner_bot	END	1775320181653
USER	medium_bot	START	1775320181701
REQUEST		POST /api/gamey/play [medium_bot 5 early]	1775320181700	1775320181709	OK	 
REQUEST		POST /api/gamey/play [medium_bot 7 mid]	1775320181707	1775320181712	OK	 
REQUEST		POST /api/gamey/play [medium_bot 7 late]	1775320181770	1775320181777	OK	 
USER	medium_bot	END	1775320181777
USER	beginner_bot	START	1775320181835
USER	random_bot	START	1775320181835
REQUEST		POST /api/gamey/play [beginner_bot 5 early]	1775320181834	1775320181844	OK	 
REQUEST		POST /api/gamey/play [random_bot 5 early]	1775320181834	1775320181845	OK	 
REQUEST		POST /api/gamey/play [beginner_bot 7 late]	1775320181842	1775320181850	OK	 
USER	beginner_bot	END	1775320181850
REQUEST		POST /api/gamey/play [random_bot 7 mid]	1775320181842	1775320181851	OK	 
USER	random_bot	END	1775320181851
USER	medium_bot	START	1775320182035
USER	beginner_bot	START	1775320182035
USER	random_bot	START	1775320182036
REQUEST		POST /api/gamey/play [beginner_bot 5 early]	1775320182035	1775320182048	OK	 
REQUEST		POST /api/gamey/play [random_bot 5 early]	1775320182035	1775320182048	OK	 
REQUEST		POST /api/gamey/play [medium_bot 5 early]	1775320182035	1775320182049	OK	 
REQUEST		POST /api/gamey/play [beginner_bot 7 late]	1775320182066	1775320182076	OK	 
USER	beginner_bot	END	1775320182077
REQUEST		POST /api/gamey/play [medium_bot 7 mid]	1775320182065	1775320182077	OK	 
REQUEST		POST /api/gamey/play [random_bot 7 mid]	1775320182065	1775320182079	OK	 
USER	random_bot	END	1775320182079
REQUEST		POST /api/gamey/play [medium_bot 7 late]	1775320182093	1775320182099	OK	 
USER	medium_bot	END	1775320182100
USER	random_bot	START	1775320182232
USER	beginner_bot	START	1775320182232
REQUEST		POST /api/gamey/play [beginner_bot 5 early]	1775320182232	1775320182259	OK	 
REQUEST		POST /api/gamey/play [random_bot 5 early]	1775320182232	1775320182259	OK	 
REQUEST		POST /api/gamey/play [random_bot 7 mid]	1775320182259	1775320182272	OK	 
USER	random_bot	END	1775320182273
REQUEST		POST /api/gamey/play [beginner_bot 7 late]	1775320182258	1775320182273	OK	 
USER	beginner_bot	END	1775320182273
USER	medium_bot	START	1775320182370
REQUEST		POST /api/gamey/play [medium_bot 5 early]	1775320182369	1775320182379	OK	 
REQUEST		POST /api/gamey/play [medium_bot 7 mid]	1775320182384	1775320182390	OK	 
REQUEST		POST /api/gamey/play [medium_bot 7 late]	1775320182401	1775320182406	OK	 
USER	medium_bot	END	1775320182406
USER	beginner_bot	START	1775320182433
USER	random_bot	START	1775320182434
REQUEST		POST /api/gamey/play [beginner_bot 5 early]	1775320182433	1775320182443	OK	 
REQUEST		POST /api/gamey/play [random_bot 5 early]	1775320182433	1775320182444	OK	 
REQUEST		POST /api/gamey/play [random_bot 7 mid]	1775320182448	1775320182454	OK	 
REQUEST		POST /api/gamey/play [beginner_bot 7 late]	1775320182448	1775320182455	OK	 
USER	random_bot	END	1775320182455
USER	beginner_bot	END	1775320182456
USER	beginner_bot	START	1775320182628
USER	random_bot	START	1775320182628
REQUEST		POST /api/gamey/play [random_bot 5 early]	1775320182628	1775320182636	OK	 
REQUEST		POST /api/gamey/play [beginner_bot 5 early]	1775320182627	1775320182637	OK	 
REQUEST		POST /api/gamey/play [random_bot 7 mid]	1775320182643	1775320182650	OK	 
USER	random_bot	END	1775320182651
REQUEST		POST /api/gamey/play [beginner_bot 7 late]	1775320182643	1775320182652	OK	 
USER	beginner_bot	END	1775320182652
USER	medium_bot	START	1775320182711
REQUEST		POST /api/gamey/play [medium_bot 7 mid]	1775320182710	1775320182716	OK	 
REQUEST		POST /api/gamey/play [medium_bot 5 early]	1775320182710	1775320182719	OK	 
REQUEST		POST /api/gamey/play [medium_bot 7 late]	1775320182722	1775320182729	OK	 
USER	medium_bot	END	1775320182730
USER	random_bot	START	1775320182830
USER	beginner_bot	START	1775320182830
REQUEST		POST /api/gamey/play [random_bot 5 early]	1775320182829	1775320182840	OK	 
REQUEST		POST /api/gamey/play [beginner_bot 5 early]	1775320182829	1775320182840	OK	 
REQUEST		POST /api/gamey/play [beginner_bot 7 late]	1775320182858	1775320182866	OK	 
USER	beginner_bot	END	1775320182867
REQUEST		POST /api/gamey/play [random_bot 7 mid]	1775320182858	1775320182867	OK	 
USER	random_bot	END	1775320182868
USER	beginner_bot	START	1775320183028
USER	medium_bot	START	1775320183028
USER	random_bot	START	1775320183029
REQUEST		POST /api/gamey/play [medium_bot 5 early]	1775320183028	1775320183043	OK	 
REQUEST		POST /api/gamey/play [random_bot 5 early]	1775320183028	1775320183043	OK	 
REQUEST		POST /api/gamey/play [beginner_bot 5 early]	1775320183028	1775320183043	OK	 
REQUEST		POST /api/gamey/play [beginner_bot 7 late]	1775320183050	1775320183060	OK	 
REQUEST		POST /api/gamey/play [medium_bot 7 mid]	1775320183050	1775320183060	OK	 
USER	beginner_bot	END	1775320183060
REQUEST		POST /api/gamey/play [random_bot 7 mid]	1775320183050	1775320183064	OK	 
USER	random_bot	END	1775320183065
REQUEST		POST /api/gamey/play [medium_bot 7 late]	1775320183092	1775320183099	OK	 
USER	medium_bot	END	1775320183100
USER	beginner_bot	START	1775320183228
USER	random_bot	START	1775320183228
REQUEST		POST /api/gamey/play [random_bot 5 early]	1775320183227	1775320183240	OK	 
REQUEST		POST /api/gamey/play [beginner_bot 5 early]	1775320183227	1775320183242	OK	 
REQUEST		POST /api/gamey/play [beginner_bot 7 late]	1775320183263	1775320183271	OK	 
USER	beginner_bot	END	1775320183271
REQUEST		POST /api/gamey/play [random_bot 7 mid]	1775320183263	1775320183272	OK	 
USER	random_bot	END	1775320183273
USER	medium_bot	START	1775320183360
REQUEST		POST /api/gamey/play [medium_bot 5 early]	1775320183360	1775320183368	OK	 
REQUEST		POST /api/gamey/play [medium_bot 7 mid]	1775320183384	1775320183391	OK	 
REQUEST		POST /api/gamey/play [medium_bot 7 late]	1775320183402	1775320183409	OK	 
USER	medium_bot	END	1775320183409
USER	beginner_bot	START	1775320183432
USER	random_bot	START	1775320183433
REQUEST		POST /api/gamey/play [random_bot 5 early]	1775320183433	1775320183442	OK	 
REQUEST		POST /api/gamey/play [beginner_bot 5 early]	1775320183432	1775320183443	OK	 
REQUEST		POST /api/gamey/play [beginner_bot 7 late]	1775320183447	1775320183453	OK	 
USER	beginner_bot	END	1775320183453
REQUEST		POST /api/gamey/play [random_bot 7 mid]	1775320183447	1775320183453	OK	 
USER	random_bot	END	1775320183454
USER	random_bot	START	1775320183631
USER	beginner_bot	START	1775320183631
REQUEST		POST /api/gamey/play [beginner_bot 5 early]	1775320183631	1775320183641	OK	 
REQUEST		POST /api/gamey/play [random_bot 5 early]	1775320183631	1775320183642	OK	 
REQUEST		POST /api/gamey/play [random_bot 7 mid]	1775320183646	1775320183653	OK	 
USER	random_bot	END	1775320183653
REQUEST		POST /api/gamey/play [beginner_bot 7 late]	1775320183646	1775320183654	OK	 
USER	beginner_bot	END	1775320183654
USER	medium_bot	START	1775320183691
REQUEST		POST /api/gamey/play [medium_bot 5 early]	1775320183690	1775320183698	OK	 
REQUEST		POST /api/gamey/play [medium_bot 7 late]	1775320183726	1775320183733	OK	 
USER	medium_bot	END	1775320183734
REQUEST		POST /api/gamey/play [medium_bot 7 mid]	1775320183726	1775320183734	OK	 
USER	random_bot	START	1775320183828
USER	beginner_bot	START	1775320183828
REQUEST		POST /api/gamey/play [beginner_bot 5 early]	1775320183827	1775320183836	OK	 
REQUEST		POST /api/gamey/play [random_bot 5 early]	1775320183827	1775320183837	OK	 
REQUEST		POST /api/gamey/play [random_bot 7 mid]	1775320183842	1775320183856	OK	 
USER	random_bot	END	1775320183857
REQUEST		POST /api/gamey/play [beginner_bot 7 late]	1775320183843	1775320183858	OK	 
USER	beginner_bot	END	1775320183859
USER	medium_bot	START	1775320184044
USER	random_bot	START	1775320184044
USER	beginner_bot	START	1775320184044
REQUEST		POST /api/gamey/play [medium_bot 5 early]	1775320184043	1775320184059	OK	 
REQUEST		POST /api/gamey/play [random_bot 5 early]	1775320184043	1775320184059	OK	 
REQUEST		POST /api/gamey/play [beginner_bot 5 early]	1775320184043	1775320184060	OK	 
REQUEST		POST /api/gamey/play [random_bot 7 mid]	1775320184058	1775320184067	OK	 
USER	random_bot	END	1775320184067
REQUEST		POST /api/gamey/play [beginner_bot 7 late]	1775320184054	1775320184068	OK	 
USER	beginner_bot	END	1775320184068
REQUEST		POST /api/gamey/play [medium_bot 7 mid]	1775320184054	1775320184070	OK	 
REQUEST		POST /api/gamey/play [medium_bot 7 late]	1775320184064	1775320184075	OK	 
USER	medium_bot	END	1775320184076
USER	random_bot	START	1775320184227
USER	beginner_bot	START	1775320184227
REQUEST		POST /api/gamey/play [beginner_bot 5 early]	1775320184227	1775320184239	OK	 
REQUEST		POST /api/gamey/play [random_bot 5 early]	1775320184227	1775320184241	OK	 
REQUEST		POST /api/gamey/play [random_bot 7 mid]	1775320184242	1775320184248	OK	 
USER	random_bot	END	1775320184249
REQUEST		POST /api/gamey/play [beginner_bot 7 late]	1775320184250	1775320184259	OK	 
USER	beginner_bot	END	1775320184259
USER	medium_bot	START	1775320184365
REQUEST		POST /api/gamey/play [medium_bot 5 early]	1775320184365	1775320184376	OK	 
REQUEST		POST /api/gamey/play [medium_bot 7 mid]	1775320184384	1775320184402	OK	 
REQUEST		POST /api/gamey/play [medium_bot 7 late]	1775320184405	1775320184412	OK	 
USER	medium_bot	END	1775320184412
USER	random_bot	START	1775320184431
USER	beginner_bot	START	1775320184434
REQUEST		POST /api/gamey/play [beginner_bot 5 early]	1775320184434	1775320184452	OK	 
REQUEST		POST /api/gamey/play [random_bot 5 early]	1775320184430	1775320184453	OK	 
REQUEST		POST /api/gamey/play [random_bot 7 mid]	1775320184468	1775320184485	OK	 
USER	random_bot	END	1775320184486
REQUEST		POST /api/gamey/play [beginner_bot 7 late]	1775320184468	1775320184490	OK	 
USER	beginner_bot	END	1775320184490
USER	beginner_bot	START	1775320184626
USER	random_bot	START	1775320184626
REQUEST		POST /api/gamey/play [beginner_bot 5 early]	1775320184625	1775320184634	OK	 
REQUEST		POST /api/gamey/play [random_bot 5 early]	1775320184625	1775320184635	OK	 
REQUEST		POST /api/gamey/play [beginner_bot 7 late]	1775320184649	1775320184655	OK	 
USER	beginner_bot	END	1775320184655
REQUEST		POST /api/gamey/play [random_bot 7 mid]	1775320184649	1775320184656	OK	 
USER	random_bot	END	1775320184657
USER	medium_bot	START	1775320184692
REQUEST		POST /api/gamey/play [medium_bot 5 early]	1775320184691	1775320184700	OK	 
REQUEST		POST /api/gamey/play [medium_bot 7 mid]	1775320184704	1775320184710	OK	 
REQUEST		POST /api/gamey/play [medium_bot 7 late]	1775320184745	1775320184750	OK	 
USER	medium_bot	END	1775320184750
USER	random_bot	START	1775320184832
USER	beginner_bot	START	1775320184832
REQUEST		POST /api/gamey/play [beginner_bot 5 early]	1775320184832	1775320184842	OK	 
REQUEST		POST /api/gamey/play [random_bot 5 early]	1775320184832	1775320184843	OK	 
REQUEST		POST /api/gamey/play [random_bot 7 mid]	1775320184847	1775320184853	OK	 
USER	random_bot	END	1775320184854
REQUEST		POST /api/gamey/play [beginner_bot 7 late]	1775320184847	1775320184854	OK	 
USER	beginner_bot	END	1775320184854
USER	medium_bot	START	1775320185029
USER	random_bot	START	1775320185030
USER	beginner_bot	START	1775320185033
REQUEST		POST /api/gamey/play [beginner_bot 5 early]	1775320185029	1775320185052	OK	 
REQUEST		POST /api/gamey/play [random_bot 5 early]	1775320185029	1775320185053	OK	 
REQUEST		POST /api/gamey/play [medium_bot 5 early]	1775320185029	1775320185054	OK	 
REQUEST		POST /api/gamey/play [beginner_bot 7 late]	1775320185073	1775320185087	OK	 
USER	beginner_bot	END	1775320185088
REQUEST		POST /api/gamey/play [medium_bot 7 late]	1775320185073	1775320185092	OK	 
USER	medium_bot	END	1775320185093
REQUEST		POST /api/gamey/play [medium_bot 7 mid]	1775320185074	1775320185093	OK	 
REQUEST		POST /api/gamey/play [random_bot 7 mid]	1775320185073	1775320185094	OK	 
USER	random_bot	END	1775320185094
USER	random_bot	START	1775320185223
REQUEST		POST /api/gamey/play [random_bot 5 early]	1775320185222	1775320185232	OK	 
USER	beginner_bot	START	1775320185239
REQUEST		POST /api/gamey/play [beginner_bot 7 late]	1775320185241	1775320185249	OK	 
USER	beginner_bot	END	1775320185250
REQUEST		POST /api/gamey/play [beginner_bot 5 early]	1775320185238	1775320185250	OK	 
REQUEST		POST /api/gamey/play [random_bot 7 mid]	1775320185250	1775320185256	OK	 
USER	random_bot	END	1775320185257
USER	medium_bot	START	1775320185400
USER	beginner_bot	START	1775320185429
USER	random_bot	START	1775320185440
REQUEST		POST /api/gamey/play [medium_bot 7 mid]	1775320185414	1775320185446	OK	 
REQUEST		POST /api/gamey/play [medium_bot 7 late]	1775320185408	1775320185446	OK	 
USER	medium_bot	END	1775320185448
REQUEST		POST /api/gamey/play [medium_bot 5 early]	1775320185363	1775320185458	OK	 
REQUEST		POST /api/gamey/play [beginner_bot 5 early]	1775320185429	1775320185477	OK	 
REQUEST		POST /api/gamey/play [random_bot 5 early]	1775320185438	1775320185493	OK	 
REQUEST		POST /api/gamey/play [random_bot 7 mid]	1775320185491	1775320185501	OK	 
USER	random_bot	END	1775320185502
REQUEST		POST /api/gamey/play [beginner_bot 7 late]	1775320185460	1775320185502	OK	 
USER	beginner_bot	END	1775320185503
USER	beginner_bot	START	1775320185631
USER	random_bot	START	1775320185633
REQUEST		POST /api/gamey/play [beginner_bot 5 early]	1775320185631	1775320185645	OK	 
REQUEST		POST /api/gamey/play [random_bot 5 early]	1775320185632	1775320185647	OK	 
REQUEST		POST /api/gamey/play [random_bot 7 mid]	1775320185644	1775320185652	OK	 
USER	random_bot	END	1775320185652
REQUEST		POST /api/gamey/play [beginner_bot 7 late]	1775320185645	1775320185653	OK	 
USER	beginner_bot	END	1775320185654
USER	medium_bot	START	1775320185701
REQUEST		POST /api/gamey/play [medium_bot 5 early]	1775320185700	1775320185710	OK	 
REQUEST		POST /api/gamey/play [medium_bot 7 late]	1775320185716	1775320185724	OK	 
USER	medium_bot	END	1775320185724
REQUEST		POST /api/gamey/play [medium_bot 7 mid]	1775320185716	1775320185726	OK	 
USER	beginner_bot	START	1775320185830
USER	random_bot	START	1775320185831
REQUEST		POST /api/gamey/play [random_bot 5 early]	1775320185830	1775320185844	OK	 
REQUEST		POST /api/gamey/play [beginner_bot 5 early]	1775320185830	1775320185844	OK	 
REQUEST		POST /api/gamey/play [random_bot 7 mid]	1775320185845	1775320185853	OK	 
USER	random_bot	END	1775320185853
REQUEST		POST /api/gamey/play [beginner_bot 7 late]	1775320185845	1775320185854	OK	 
USER	beginner_bot	END	1775320185855
USER	random_bot	START	1775320186033
USER	medium_bot	START	1775320186033
USER	beginner_bot	START	1775320186033
REQUEST		POST /api/gamey/play [random_bot 5 early]	1775320186033	1775320186046	OK	 
REQUEST		POST /api/gamey/play [beginner_bot 5 early]	1775320186033	1775320186047	OK	 
REQUEST		POST /api/gamey/play [medium_bot 5 early]	1775320186033	1775320186048	OK	 
REQUEST		POST /api/gamey/play [beginner_bot 7 late]	1775320186064	1775320186074	OK	 
REQUEST		POST /api/gamey/play [random_bot 7 mid]	1775320186064	1775320186074	OK	 
USER	beginner_bot	END	1775320186075
USER	random_bot	END	1775320186075
REQUEST		POST /api/gamey/play [medium_bot 7 mid]	1775320186064	1775320186076	OK	 
REQUEST		POST /api/gamey/play [medium_bot 7 late]	1775320186097	1775320186102	OK	 
USER	medium_bot	END	1775320186102
USER	beginner_bot	START	1775320186231
USER	random_bot	START	1775320186231
REQUEST		POST /api/gamey/play [random_bot 5 early]	1775320186231	1775320186243	OK	 
REQUEST		POST /api/gamey/play [beginner_bot 5 early]	1775320186231	1775320186243	OK	 
REQUEST		POST /api/gamey/play [random_bot 7 mid]	1775320186247	1775320186253	OK	 
USER	random_bot	END	1775320186253
REQUEST		POST /api/gamey/play [beginner_bot 7 late]	1775320186252	1775320186258	OK	 
USER	beginner_bot	END	1775320186259
USER	medium_bot	START	1775320186368
REQUEST		POST /api/gamey/play [medium_bot 5 early]	1775320186368	1775320186376	OK	 
USER	beginner_bot	START	1775320186432
USER	random_bot	START	1775320186432
REQUEST		POST /api/gamey/play [beginner_bot 5 early]	1775320186431	1775320186441	OK	 
REQUEST		POST /api/gamey/play [random_bot 5 early]	1775320186431	1775320186441	OK	 
REQUEST		POST /api/gamey/play [medium_bot 7 late]	1775320186455	1775320186462	OK	 
USER	medium_bot	END	1775320186462
REQUEST		POST /api/gamey/play [medium_bot 7 mid]	1775320186471	1775320186477	OK	 
REQUEST		POST /api/gamey/play [beginner_bot 7 late]	1775320186478	1775320186485	OK	 
USER	beginner_bot	END	1775320186486
REQUEST		POST /api/gamey/play [random_bot 7 mid]	1775320186494	1775320186501	OK	 
USER	random_bot	END	1775320186502
USER	beginner_bot	START	1775320186631
USER	random_bot	START	1775320186635
REQUEST		POST /api/gamey/play [random_bot 7 mid]	1775320186664	1775320186687	OK	 
USER	random_bot	END	1775320186688
REQUEST		POST /api/gamey/play [beginner_bot 7 late]	1775320186665	1775320186688	OK	 
USER	medium_bot	START	1775320186690
USER	beginner_bot	END	1775320186700
REQUEST		POST /api/gamey/play [random_bot 5 early]	1775320186634	1775320186713	OK	 
REQUEST		POST /api/gamey/play [beginner_bot 5 early]	1775320186631	1775320186714	OK	 
REQUEST		POST /api/gamey/play [medium_bot 7 late]	1775320186729	1775320186742	OK	 
REQUEST		POST /api/gamey/play [medium_bot 5 early]	1775320186689	1775320186742	OK	 
REQUEST		POST /api/gamey/play [medium_bot 7 mid]	1775320186733	1775320186742	OK	 
USER	medium_bot	END	1775320186743
USER	random_bot	START	1775320186836
USER	beginner_bot	START	1775320186851
REQUEST		POST /api/gamey/play [random_bot 5 early]	1775320186836	1775320186888	OK	 
REQUEST		POST /api/gamey/play [beginner_bot 7 late]	1775320186865	1775320186889	OK	 
USER	beginner_bot	END	1775320186889
REQUEST		POST /api/gamey/play [random_bot 7 mid]	1775320186862	1775320186890	OK	 
USER	random_bot	END	1775320186890
REQUEST		POST /api/gamey/play [beginner_bot 5 early]	1775320186850	1775320186890	OK	 
USER	random_bot	START	1775320187043
USER	beginner_bot	START	1775320187046
USER	medium_bot	START	1775320187046
REQUEST		POST /api/gamey/play [beginner_bot 5 early]	1775320187045	1775320187055	OK	 
REQUEST		POST /api/gamey/play [beginner_bot 7 late]	1775320187050	1775320187062	OK	 
USER	beginner_bot	END	1775320187063
REQUEST		POST /api/gamey/play [random_bot 5 early]	1775320187042	1775320187063	OK	 
REQUEST		POST /api/gamey/play [medium_bot 7 mid]	1775320187050	1775320187064	OK	 
REQUEST		POST /api/gamey/play [medium_bot 5 early]	1775320187045	1775320187066	OK	 
REQUEST		POST /api/gamey/play [random_bot 7 mid]	1775320187051	1775320187071	OK	 
USER	random_bot	END	1775320187072
REQUEST		POST /api/gamey/play [medium_bot 7 late]	1775320187083	1775320187092	OK	 
USER	medium_bot	END	1775320187092
USER	random_bot	START	1775320187230
USER	beginner_bot	START	1775320187230
REQUEST		POST /api/gamey/play [random_bot 5 early]	1775320187229	1775320187239	OK	 
REQUEST		POST /api/gamey/play [beginner_bot 5 early]	1775320187229	1775320187243	OK	 
REQUEST		POST /api/gamey/play [random_bot 7 mid]	1775320187247	1775320187254	OK	 
USER	random_bot	END	1775320187255
REQUEST		POST /api/gamey/play [beginner_bot 7 late]	1775320187247	1775320187255	OK	 
USER	beginner_bot	END	1775320187256
USER	medium_bot	START	1775320187365
REQUEST		POST /api/gamey/play [medium_bot 5 early]	1775320187364	1775320187382	OK	 
REQUEST		POST /api/gamey/play [medium_bot 7 mid]	1775320187388	1775320187396	OK	 
USER	beginner_bot	START	1775320187430
USER	random_bot	START	1775320187430
REQUEST		POST /api/gamey/play [random_bot 5 early]	1775320187429	1775320187440	OK	 
REQUEST		POST /api/gamey/play [beginner_bot 5 early]	1775320187429	1775320187441	OK	 
REQUEST		POST /api/gamey/play [beginner_bot 7 late]	1775320187453	1775320187463	OK	 
REQUEST		POST /api/gamey/play [random_bot 7 mid]	1775320187453	1775320187463	OK	 
USER	beginner_bot	END	1775320187463
USER	random_bot	END	1775320187463
REQUEST		POST /api/gamey/play [medium_bot 7 late]	1775320187478	1775320187485	OK	 
USER	medium_bot	END	1775320187485
USER	beginner_bot	START	1775320187630
USER	random_bot	START	1775320187630
REQUEST		POST /api/gamey/play [beginner_bot 5 early]	1775320187630	1775320187640	OK	 
REQUEST		POST /api/gamey/play [random_bot 5 early]	1775320187630	1775320187640	OK	 
USER	medium_bot	START	1775320187690
REQUEST		POST /api/gamey/play [medium_bot 5 early]	1775320187689	1775320187697	OK	 
REQUEST		POST /api/gamey/play [random_bot 7 mid]	1775320187714	1775320187719	OK	 
USER	random_bot	END	1775320187720
REQUEST		POST /api/gamey/play [beginner_bot 7 late]	1775320187723	1775320187728	OK	 
USER	beginner_bot	END	1775320187728
REQUEST		POST /api/gamey/play [medium_bot 7 late]	1775320187746	1775320187751	OK	 
USER	medium_bot	END	1775320187752
REQUEST		POST /api/gamey/play [medium_bot 7 mid]	1775320187746	1775320187753	OK	 
USER	random_bot	START	1775320187830
USER	beginner_bot	START	1775320187830
REQUEST		POST /api/gamey/play [beginner_bot 5 early]	1775320187829	1775320187841	OK	 
REQUEST		POST /api/gamey/play [random_bot 5 early]	1775320187829	1775320187842	OK	 
REQUEST		POST /api/gamey/play [random_bot 7 mid]	1775320187904	1775320187910	OK	 
USER	random_bot	END	1775320187911
REQUEST		POST /api/gamey/play [beginner_bot 7 late]	1775320187904	1775320187911	OK	 
USER	beginner_bot	END	1775320187912
REQUEST		POST /api/gamey/play [beginner_bot 7 late]	1775320188071	1775320188082	OK	 
REQUEST		POST /api/gamey/play [random_bot 7 mid]	1775320188070	1775320188082	OK	 
USER	random_bot	END	1775320188082
USER	beginner_bot	END	1775320188082
REQUEST		POST /api/gamey/play [medium_bot 7 late]	1775320188070	1775320188083	OK	 
USER	medium_bot	END	1775320188084
REQUEST		POST /api/gamey/play [medium_bot 7 mid]	1775320188070	1775320188085	OK	 
REQUEST		POST /api/gamey/play [beginner_bot 7 late]	1775320188247	1775320188254	OK	 
USER	beginner_bot	END	1775320188254
REQUEST		POST /api/gamey/play [random_bot 7 mid]	1775320188247	1775320188255	OK	 
USER	random_bot	END	1775320188256
REQUEST		POST /api/gamey/play [medium_bot 7 mid]	1775320188390	1775320188403	OK	 
REQUEST		POST /api/gamey/play [medium_bot 7 late]	1775320188401	1775320188408	OK	 
USER	medium_bot	END	1775320188408
REQUEST		POST /api/gamey/play [random_bot 7 mid]	1775320188455	1775320188469	OK	 
USER	random_bot	END	1775320188470
REQUEST		POST /api/gamey/play [beginner_bot 7 late]	1775320188455	1775320188476	OK	 
USER	beginner_bot	END	1775320188477
REQUEST		POST /api/gamey/play [random_bot 7 mid]	1775320188647	1775320188655	OK	 
USER	random_bot	END	1775320188656
REQUEST		POST /api/gamey/play [beginner_bot 7 late]	1775320188647	1775320188656	OK	 
USER	beginner_bot	END	1775320188657
REQUEST		POST /api/gamey/play [medium_bot 7 mid]	1775320188699	1775320188713	OK	 
REQUEST		POST /api/gamey/play [medium_bot 7 late]	1775320188754	1775320188760	OK	 
USER	medium_bot	END	1775320188761
REQUEST		POST /api/gamey/play [beginner_bot 7 late]	1775320188851	1775320188859	OK	 
REQUEST		POST /api/gamey/play [random_bot 7 mid]	1775320188851	1775320188860	OK	 
USER	random_bot	END	1775320188860
USER	beginner_bot	END	1775320188862
REQUEST		POST /api/gamey/play [medium_bot 7 late]	1775320189090	1775320189098	OK	 
USER	medium_bot	END	1775320189099
REQUEST		POST /api/gamey/play [medium_bot 7 late]	1775320189406	1775320189413	OK	 
USER	medium_bot	END	1775320189413
REQUEST		POST /api/gamey/play [medium_bot 7 late]	1775320189720	1775320189726	OK	 
USER	medium_bot	END	1775320189727
